Bewertung	 Note 10	 Note 9	 Note 8	 Note 7	 Note 6	 Note 5	 Note 4	 Note 3	 Note 2	 Note 1	N
Freundlich	254.4687250	150.0531210	262.5954960	150.3298730	64.0671940	73.5106390	32.5608960	16.5506270	5.4135650	8.9425920	1018.4927280
Handelt angemessen	160.3285360	107.6166920	288.1095810	186.1869940	88.2921920	97.8607570	24.9960980	14.3939820	8.5423380	10.0057940	986.3329640
Hilfsbereit	304.6455740	162.5482260	273.7418600	144.8005960	52.7983260	46.6389370	16.8069610	7.1686900	2.1757720	4.2985420	1015.6234840
Sympathisch	219.7306890	125.4852730	269.7360720	173.8290180	80.1951680	90.3959790	26.7638150	10.1828040	6.0366620	13.4490970	1015.8045770
Respektvoll	236.3026430	142.0451400	236.6458190	158.1358470	80.0174940	84.4223350	29.9398920	20.9959000	13.6586290	11.9182860	1014.0819850
Nimmt Anliegen ernst	212.2588410	119.6693060	285.8063840	179.9651840	67.3670400	77.8455440	28.4182920	13.7205810	10.1404150	9.2996920	1004.4912790
Gerecht 	155.2415070	120.2328970	220.4003680	183.2164540	94.6374570	87.5729090	31.1549470	23.9560010	9.4982910	9.8210330	935.7318640
