Jahr	Anteil erneuerbarer Energien (ohne Mobilität)	Strom	Wasser	SonneThermisch	PV	Holz	Abfall	Umweltwärme	Brutto_Total	Verkehr
2010	40.8180085976031	1254.7354266	210.2	7.1650033	3.4	147.0414	350.623931	15.012	5769.33478398	898.5
2012	42.7752769547169	1121.695894	260.3	9.2759643	6	149.580497	365.71107765	20.4	5354.47999462	835.6
2014	45.2883390722526	978.378343	282.55	11.853544	13.101795	176.54832006	372.01287765	26.156424	4916.2182544	807.873056
2016	46.9330578809839	974.612639	279.136815	14.71428493	20.858757	210.71802892	377.481412	32.920959	4923.85160189	853.2817688
