Jahr	Eigenproduktion Strom
2010	373.5533784
2012	423.665491
2014	466.549593
2016	491.001674
