Alter	 Männer	 Frauen
0-4	10.70125659	10.23417173
5-9	11.17561684	10.35340966
10-14	9.495252374	8.38641189
15-19	7.35042735	8.075680665
20-24	8.607671398	6.342813995
25-29	6.872933396	6.454960565
30-34	6.706369757	5.8
35-39	6.843620083	5.806237558
40-44	8.719052745	6.234413965
45-49	8.476160798	5.459427208
50-54	7.725321888	5.414551607
55-59	7.046436285	4.436450839
60-64	4.939759036	1.985314115
> 64	0.155820348	0.127521447
