Kanton 2018	
Basel-Stadt	149.6338322
Zürich	120.3679726
Genf	146.0623559
	
