	Sehr zufrieden	Eher zufrieden	Eher unzufrieden	Sehr unzufrieden	Weiss nicht	Keine Angabe
2003	186	601	342	49	274	0
2005	173	676	375	42	213	0
2007	170	744	278	23	259	0
2011	285.90644	697.53895	330.1946	30.58822	147.57137	1.7839
2015	145.17983	588.29505	438.39818	87.90548	162.77833	0
2019	339.28635	684.59236	440.26893	144.73911	279.80997	80.91759
2023	288.93625	626.1177	557.95693	161.6478	243.27221	45.90252

