Jahr	1-Zimmer	2-Zimmer	3-Zimmer	4-Zimmer	5+-Zimmer	LWQ 1-Zimmer	LWQ 2-Zimmer	LWQ 3-Zimmer	LWQ 4-Zimmer	LWQ 5+-Zimmer
2016	61	107	163	77	44	0.556467797847	0.422207315629	0.401764807374	0.40405100488	0.342226024733
