jahr	bis 29 qm	30 - 49 qm	50 - 69 qm	70 - 99 qm	100 - 149 qm	150+ qm	Total	leer_bis_29_qm	leer_30_49_qm	leer_70_99_qm	leer_100_149_qm	leer_150um_qm	leer_Total
2016	0.47879616963	0.497257769652	0.335538602766	0.39537228679	0.561215152809	0.371987708232	0.416770398237	14	68	149	92	23	452
