Jahr	Anzahl Genossenschaftswohnungen	Anteil in Prozent (rechte Skala)	Gesamter Wohnungsbestand
1980	10090	10.218238898172	98745
1990	10180	10.048168035375	101312
2000	10586	10.322769380789	102550
2006			129026
2010	10713	10.176495174405	105272
2011			
2012			
2013	10756	10.127392733059	106207
2014	10764	10.064045626665	106955
2015	10814	10.014910306633	107979
2016	11073	10.178325213714	108790
