Jahr	Gesamter Wohnungsbestand	Genossenschaftswohnungen	Anteil der Genossenschaftswohnungen in Prozent (rechte Skala)
2013	106207	10756	10.127392733059
2014	106955	10764	10.064045626665
2015	107979	10814	10.014910306633
2016	108790	11073	10.178325213714
1980	98745	10090	10.218238898172
1990	101312	10180	10.048168035375
2000	102550	10586	10.322769380789
2006	129026		
2010	105272	10713	10.176495174405
2011			
2012			
