Jahr	Anteil der durch Haus- oder Wohnungseigentümer selbst bewohnten Wohnungen am Gesamtbestand der Wohnungen
1990	0.11
2000	0.126
2010	0.146
2011	0.149
2012	0.1499
2013	0.150216087451
2014	0.15136272264
2015	0.150992322581
2016	0.150978950271
