Jahr	Wohneigentumsquote
1990	11
2000	12.6
2010	14.6
2011	14.9
2012	14.99
2013	15.0216087451
2014	15.136272264
2015	15.0992322581
2016	15.0978950271
