Jahr	Wohneigentumsquote
1990	10.966343133877
2000	12.556953958897
2012	15.258569770047
2013	15.186449606434
2014	15.276142131979
2015	15.373021853805
2016	15.422582414234
2017	15.398064568593
2018	15.3649790311000
2019	15.2719158302874
2020	15.2213948274480
2021	15.1369529096890
2022	15.160799351660
2023	14.977887362530