Jahr	4 Zimmer u. m.	Anteil in Prozent	Anzahl_Total
1970	21914	23.942138557178	91529
1980	26125	26.45703579928	98745
1990	26931	26.427295743135	101906
2000	28137	27.03089574607	104092
2010	29782	28.290523596017	105272
2011	30196	28.599301023839	105583
2012	30274	28.600039677666	105853
2013	31342	29.510295931529	106207
2014	31610	29.554485531298	106955
2015	31778	29.429796534511	107979
2016	31914	29.335416858167	108790
