Jahr	Freiräume in m²	in Prozent
2008	839859.373663858	2.27275762524722
2010	849777.898055579	2.29960146082421
2011	865265.894081475	2.34151062242354
2012	853453.074509654	2.30954366164056
2013	839157.865801445	2.27091544990151
2014	885036.948175185	2.39502860214879
2015	888960.345765173	2.40558944300598
2016	905351.269621773	2.4499443658835
