Jahr	Freiräume in m2	in Prozent
2009	839527.209190377	2.33667840243122
2010	849757.019680641	2.36682085401605
2011	865244.41933815	2.41004627931387
2012	853340.089755686	2.3773928412447
2013	839157.6977754	2.33719739297647
2014	885036.85558418	2.4661067328427
2015	888960.195177695	2.47703890362509
2016	905351.062473807	2.52220235890679
