Jahr	Anzahl Haushalte	Anteil in Prozent (rechte Skala)
2011	1167	1.200814948962
2012	1498	1.525551459355
2013	1718	1.740328413545
2014	1867	1.89535450337
2015	1990	2.026394036902
2016	2137	2.170226162548
