Jahr	Anzahl Haushalte	Anteil in Prozent (rechte Skala)	Haushalte Total
2011	1167	1.200814948962	97184
2012	1498	1.525551459355	98194
2013	1718	1.740328413545	98717
2014	1867	1.89535450337	98504
2015	1990	2.026394036902	98204
2016	2137	2.170226162548	98469
