Jahr	Notwohnungen	Notwohnungen_belegt	
2013	96	0	0
2014	125	0	0
2015	137	111	81.021897810218
2016	141	121	85.815602836879
