Jahr	Notwohnungen	Notwohnungen belegt	Belegungsquote (Anteil belegter Wohnungen in %, rechte Skala)
2011	104	94	90.3846153846154
2012	101	95	94.0594059405941
2013	98	95	96.9387755102041
2014	102	99	97.0588235294118
2015	141	130	92.1985815602837
2016	141	126	89.3617021276596
2017	145	125	86.2068965517241
2018	145	129	88.9655172413793
2019	167	151	90.4191616766467
2020	168	158	94.0476190476190
2021	173	168	97.10982659
2022	194	168	86.59793814
