Jahr	Energieimportabhängigkeit	Brutto_Import_GWh	Brutto_Total_GWh
2010	0.8192	4726.24081468	5769334783.98
2012	0.788819	4223.71613327	5354479994.62
2014	0.760206	3737.34294695	4916218254.4
2016	0.758999	3737.20007396	4923851601.89
