Jahr	Anteil Veranlagungen mit Zuwendungen
2008	17.617796556611
2009	17.876542321666
2010	18.729227414937
2011	18.771346157249
2012	18.904111990603
2013	19.26493429434
2014	19.34302144317
2015	19.928930490552
2016	20.11370116
2017	19.9369085173502
2018	19.99072

