Jahr	Sehr gut	Eher gut	Eher nicht gut	Gar nicht gut	Weiss nicht	Keine Angabe
2003	97	779	287	41	293	0
2005	86	853	291	38	242	0
2007	56	740	391	48	274	0
2011	137.58702	944.97519	263.01476	34.57609	135.84693	0
2015	140.26218	928.21223	280.43697	32.09238	124.39454	0.6017
2019	58.29565	945.08133	374.61002	125.12433	561.28108	43.60759
2023	57.70396	718.01591	322.82486	79.49234	576.13069	299.83223

