"Jahr"	"Altersquotient"	"20- bis 64-Jährige"	"65-Jährige und Ältere"
"2009"	32.024923669	120528	38599
"2010"	31.904268974	120755	38526
"2011"	31.66841261	122188	38695
"2012"	31.466675325	123197	38766
"2013"	31.209603695	124702	38919
"2014"	31.074865074	125439	38980
"2015"	30.932563815	125793	38911
"2016"	30.738330394	126461	38872
"2017"	30.603332755	126862	38824
"2018"	30.442960594	127596	38844

