"Jahr"	"Jugendquotient"	"20- bis 64-Jährige"	"0- bis 19-Jährige"
"2009"	25.652130625	120528	30918
"2010"	25.714877231	120755	31052
"2011"	25.528693489	122188	31193
"2012"	25.565557603	123197	31496
"2013"	25.531266539	124702	31838
"2014"	25.551861861	125439	32052
"2015"	25.836095808	125793	32500
"2016"	25.994575403	126461	32873
"2017"	26.250571487	126862	33302
"2018"	26.502398194	127596	33816

