Jahr	Nettoschuldenquote	Nettoschulden pro Kopf (rechte Skala)
2000	8.6	19131.6
2001	8.5	19371
2002	8.5	19605.6
2003	8.1	18827.5
2004	7.7	18441.8
2005	6.9	16868.3
2006	4.73230268766426	12230.9937911601
2007	5.47021580300814	14875.500350445
2008	5.11291971406451	14389.8349904802
2009	4.5534495412844	13036
2010	3.3	9495
2011	3	8916
2012	3.5	10631
2013	3.2	10450
2014	3	9944
2015	2.9	9313
2016	3	9950
2017	2.9	9643
2018	2.5	8636
2019	1.5	5249
2020	0.2	593
2021	-0.1	-295