"Berichtsjahr"	"PV-Quote"
2011	14.079937175
2012	14.161436078
2013	14.20591557
2014	14.24315086
2015	13.952584134
2016	14.527402782
2017	14.724390144
2018	14.961575653
2019	16.409981923
2020	16.777124209
2021	17.014216109
2022	16.265269812
