Jahr	Kulturerbe	Kultur, übrige	Sport und Freizeit	Kirchen, rel. Angelegenheiten	Gesamtausgaben	Kulturerbe CHF	Kultur, übrige DHF	Sport und Freizeit DHF	Kirchen, rel. Angelegenheiten CHF	Gesamtausgaben CHF	Bevölkerung
2008	426.10535223186	373.0748889359	504.231013327692	0	1303.41125449545	80568000	70541000	95340000	0	246449000	189080
2009	478.131129314775	347.935305901973	344.332448789083	0	1170.39888400583	91171000	66345000	65658000	0	223174000	190682
2010	493.331457805841	344.857407812614	366.113386056495	0	1204.30225167495	94693000	66194000	70274000	0	231161000	191946
2011	506.764702821401	355.209341534235	396.994390500276	0	1258.96843485591	97387000	68262000	76292000	0	241941000	192174
2012	572.586832555728	372.457231726283	423.893208916537	4.35977190254018	1373.29704510109	110452000	71847000	81769000	841000	264909000	192900
2013	514.993193085202	370.357812540135	403.251907220467	4.46944594282192	1293.07235878863	100246000	72092000	78495000	870000	251703000	194655
2014	600.639515314709	425.639770304866	427.842885264629	3.7483553134849	1457.87052619769	117777000	83462000	83894000	735000	285868000	196086
2015	655.465597319865	542.128372376336	481.109616507195	0	1678.7035862034	129130000	106802000	94781000	0	330713000	197005
