"Jahr"	"Anteil erneuerbare Energie"
2010	12.857366858
2012	15.292610918
2014	18.099668747
2016	19.695276655
2018	20.303556663
2020	24.606819199
