"Jahr"	"Anteil erneuerbare Energie"
2010	34.62566599
2012	36.22156173
2014	37.98959296
2016	39.46295583
2018	39.93758668
2020	43.94566436
2022	43.85167929