Jahr	Wohnfläche in m² pro Person
1980	36
1990	39.282620924519
1997	40.2
1998	40.5
1999	40.9
2000	41.108202876103
2010	42.131702031783
2011	42.029502178246
2012	41.989175837952
2013	41.950871255189
2014	41.606990519462
2015	41.379773554936
2016	41.206839672799
2017	40.988009567548
2018	40.976659316484
2019	41.357359194944
2020	41.429498600806
