jahr	Beschäftigte pro ha	Anzahl Beschäftigte	Fläche Kanton in ha
2011	39.973265	147729.5978359	3695.71
2012	40.21803	148634.1781839	3695.71
2013	40.798944	150781.0675498	3695.71
2014	41.21395	152314.8077115	3695.71
2015	41.029328	151632.5004102	3695.71
