Jahr	Anzahl privater Personenwagen pro Haushalt
2010	0.527121464226
2011	0.498003786631
2012	0.49699574312
2013	0.492387329436
2014	0.485056444408
2015	0.498584579039
