"Jahr"	"CO<sub>2</sub>-Emissionen in Tonnen"	"CO<sub>2</sub>-Emissionen in Tonnen pro Kopf (rechte Skala)"	"Bevölkerung"
2010	910740.05789	4.7447722687	191946
2012	833179.51666	4.3192302575	192900
2014	764522.46821	3.8989140898	196086
2016	741614.43579	3.7469278205	197926
2018	694507.47658	3.4747946095	199870
