Jahr	Verhältnis der Löhne von Frauen und Männern	Frauen Bruttolohn	Männer Bruttolohn
2002	0.792556742323097	4749	5992
2004	0.799902072792558	4901	6127
2006	0.812689303363622	5098	6273
2008	0.815384615384615	5300	6500
2010	0.8228631833283	5449	6622
2012	0.827756764620308	5690	6874
2014	0.855968286595214	5830	6811
