Jahr	Life Sciences	Chemische Industrie	Baugewerbe	Handel und Reparatur	Verkehr und Lagerei	Gastgewerbe	Finanz- und Versicherungsdienstl.	Grundstücks- und Wohnungswesen	Unternehmens- und freiberufl. Dienstl.	Öffentliche Verwaltung	Gesundheits- und Sozialwesen	Übrige Branchen
2000	23.25555776	3.760261885	3.140579352	8.748303034	5.248466094	1.691755667	15.25055292	5.790271087	10.26236375	6.392952739	5.810626898	10.64830881
2010	35.39596426	1.850245614	1.781365149	8.58296785	4.3886782	1.350060497	11.10594851	4.986135615	9.861626586	6.554124198	5.79469016	8.348193364
2023	38.51045015	2.101725242	1.647683205	7.422395644	2.861242751	1.376733644	9.673410598	4.442828609	11.36703945	7.055997885	6.89443901	6.646053815

