Jahr	Life Sciences Industrie	Chemische Industrie	Finanz- und Versicherungsdienstl.	Verkehr und Lagerei	Handel und Reparatur	Unternehmens- und freiberufl. Dienstl.	Grundstücks- und Wohnungswesen	Baugewerbe	Öffentliche Verwaltung	Gesundheits- und Sozialwesen	Tourismus	Übrige Branchen
2000	23.7673757206707	2.83400593716528	16.1764467550219	5.78552968146213	8.77977603103516	9.68115007477452	4.1672291176582	3.29850817383142	6.884489502339	6.03998607403604	1.59438979833955	8.15710719650077
2005	34.5433576207477	2.60582728032615	11.6256317758609	5.0278312273379	7.40277368658891	10.5249470572235	3.4773986408923	2.35422621091324	6.56126049921641	6.03674648207154	1.19591821299969	6.0382540254956
2010	39.4659503780384	1.26103688954216	10.349253233039	4.31274448920982	7.91066209621313	9.90268632134153	3.28276092750762	2.04503535221755	6.36861669993514	5.91703721267732	1.22469621221848	6.69848329851762
2015	36.0526101119455	1.00231942292743	10.2079497467046	4.24207765928622	7.14473757156379	12.5401791987112	3.46201346803416	2.30845065585898	7.01603165748101	6.54016592395308	1.37822756629448	7.10291759431212
2016	36.2629799458759	0.893447250041893	10.2604923147009	4.19524821626592	6.89693058388959	12.6992949767718	3.47288374146681	2.23633105911935	7.00471985146473	6.65672704914105	1.35292478653075	7.1745729746894
