Jahr	Life Sciences	Chemische Industrie	Baugewerbe	Handel und Reparatur	Verkehr und Lagerei	Gastgewerbe	Finanz- und Versicherungsdienstl.	Grundstücks- und Wohnungswesen	Unternehmens- und freiberufl. Dienstl.	Öffentliche Verwaltung	Gesundheits- und Sozialwesen	Übrige Branchen
2000	24.36731132	3.69355964	3.096023305	8.622180929	5.193969521	1.654109557	14.98401113	5.78577304	10.13881327	6.29677499	5.696599621	10.47087368
2010	37.69912109	1.74436711	1.690165376	8.349830644	4.190250469	1.304181527	10.4947822	5.054053153	9.551168	6.344511997	5.658072044	7.919496392
2020	43.99019884	1.070054033	1.61045151	6.716289818	2.840832797	0.666135783	8.710858484	4.434170028	10.39263916	6.636857472	6.172577565	6.758934516

