Jahr	Life Sciences	Chemische Industrie	Baugewerbe	Handel und Reparatur	Verkehr und Lagerei	Gastgewerbe	Finanz- und Versicherungsdienstl.	Grundstücks- und Wohnungswesen	Unternehmens- und freiberufl. Dienstl.	Öffentliche Verwaltung	Gesundheits- und Sozialwesen	Übrige Branchen
2000	23.29052104	3.757142437	3.1409852	8.744405803	5.24747664	1.691338531	15.23304548	5.786956555	10.25688831	6.390148709	5.810005333	10.65108595
2010	35.34202198	1.853266857	1.772857497	8.592022215	4.40654241	1.370983941	11.06839396	5.010825751	9.866483021	6.570919217	5.806600295	8.339082852
2021	38.91606333	1.337170309	1.934631074	7.80003737	3.077638981	0.827894706	9.402942551	4.692282674	11.20766592	7.285658681	6.772109497	6.745904907


