Jahr	Life Sciences	Chemische Industrie	Baugewerbe	Handel und Reparatur	Verkehr und Lagerei	Gastgewerbe	Finanz- und Versicherungsdienstl.	Grundstücks- und Wohnungswesen	Unternehmens- und freiberufl. Dienstl.	Öffentliche Verwaltung	Gesundheits- und Sozialwesen	Übrige Branchen
2000	24.35289773	3.691392703	3.094175365	8.617076185	5.190899571	1.650500892	14.97518483	5.782533065	10.13285968	6.293220427	5.693227505	10.52603204
2010	37.65863305	1.742158884	1.688993891	8.345869315	4.185934233	1.320106128	10.48189284	5.050081936	9.542682915	6.337540976	5.651909547	7.994196288
2019	44.004435	0.962258512	1.493912049	6.488765309	3.467142091	1.284117987	9.129581241	4.019343146	10.56610284	6.209927775	6.032479581	6.341934469

