"Jahr"	"Industrie"	"Dienstleistungen"
2011	14.867748	1.6651134
2012	14.910901	1.7304467
2013	14.452217	1.8278602
2014	14.448236	1.8622296
2015	14.842948	1.7449017

