"jahr"	"Wohnen"	"Nichtwohnen"	"Verkehr"
2010	1424.0047062	3061.3654952	903.97442297
2012	1546.2	2632.3	835.6
2014	1332.3	2309.4022297	841.2186
2016	1554.9	2044.8963	853.2817688
2018	1294.5116399	1922.8656253	830.026761
2020	1381.7911863	1953.3865473	593.1855645
