"Jahr"	"Anteil erneuerbare Energie"
2010	12.840982785
2012	15.27119905
2014	18.072050003
2016	19.571833447
2018	20.1559776
2020	24.35275836
2022	25.437691273
