	Keine Angabe	Weiss nicht	Note 10	Note 9	Note 8	Note 7	Note 6	Note 5	Note 4	Note 3	Note 2	Note 1
2003 (Ø 7,4)	0	20	120	104	576	351	144	137	23	14	3	5
2005 (Ø 7,3)	0	10	102	150	546	363	143	140	30	17	4	5
2007 (Ø 7,4)	0	9	105	160	571	372	130	114	26	13	4	5
2011 (Ø 7,7)	0	2.41075	202.95339	177.74422	585.34346	332.54221	88.85004	86.67948	19.08056	11.09129	3.38546	5.91915
2015 (Ø 7,8)	0.72259	10.70446	173.23074	249.36755	597.01507	288.67979	77.56676	73.69184	16.96964	12.18726	1.32429	4.54002
2019 (Ø 8,0)	32.48683	19.94764	320.68749	446.85487	734.83795	320.31265	89.6581	79.44915	23.53734	22.11474	9.61302	8.5002
2023 (Ø 7,8)	41.03936	16.11933	301.81216	433.24315	617.50742	318.74968	135.60142	95.12425	44.09711	27.49577	14.2843	8.92605