"Jahr"	"Bevölkerung"	"Bevölkerung indexiert"	"Beschäftigte"	"Beschäftigte indexiert"
2013	195459	100	188491	100
2014	196471	100.51776	191155	101.41333
2015	197204	100.89277	190333	100.97723
2016	198206	101.40541	190301	100.96026
2017	198988	101.80549	190523	101.07804
2018	200256	102.45422	190462	101.04567
2019	200407	102.53148	192450	102.10037
2020	201971	103.33164	188778	100.15226
2021	201805	103.24672	193002	102.39322
2022	204550	104.6511	199737	105.96633

