"Jahr"	"Bevölkerung"	"Bevölkerung indexiert"	"Beschäftigte"	"Beschäftigte indexiert"
2014	196471	100	191155	100
2015	197204	100.37308	190333	99.569982
2016	198206	100.88308	190301	99.553242
2017	198988	101.28111	190523	99.669378
2018	200256	101.92649	190462	99.637467
2019	200407	102.00335	192450	100.67746
2020	201971	102.7994	188778	98.756506
2021	201805	102.7149	193002	100.96623
2022	204550	104.11206	199737	104.48955
2023	206308	105.00685	199745	104.49374