Jahr	Verkehr	pro Kopf	mittlere Bevölkerung
2010	204048.203294048	1.06305004164738	191946
2012	196591.108677538	1.01913482984727	192900
2014	194979.25868184	0.99435583714207	196086
