Jahr	CO₂-Emissionen total	CO₂-Emissionen pro Kopf (rechte Skala)
2010	898113.313733464	4.7
2012	831949.485219155	4.3
2014	755094.785461333	3.9
