"Staatsangehörigkeit"	"Deutsch oder Schweizerdeutsch"	"Kein Deutsch"
"Schweiz"	97096.666104	7336.533896
"Deutschland"	13437.810184	206.719892
"Italien"	2165.079899	4909.668986
"Türkei"	2145.006900	2892.604500
"EU-West + EFTA + UK"	3687.121827	9033.486051
"EU-Ost"	1502.129744	2993.846992
"Balkan"	2449.046797	3324.141265
"Mittel- und Südamerika"	285.955840	1329.819403
"Arabische Länder"	406.563524	742.048682
"Afrikanische Länder"	473.708349	853.597561
"Übrige Länder"	1259.638753	4765.604850

