"Staatsangehörigkeit"	"Deutsch oder Schweizerdeutsch"	"Kein Deutsch"
"Schweiz"	96420.754114	7691.445886
"Deutschland"	13540.314740	245.623330
"Italien"	2162.819794	5197.597762
"Türkei"	2014.907759	3049.074285
"EU-West + EFTA + UK"	3643.664417	9601.844957
"EU-Ost"	1431.939463	3220.305493
"Balkan"	2238.917087	3131.719345
"Mittel- und Südamerika"	296.631415	1365.197024
"Arabische Länder"	478.118123	791.854696
"Afrikanische Länder"	520.440952	923.090533
"Übrige Länder"	1337.248362	5319.690464

