"Staatsangehörigkeit"	"Deutsch oder Schweizerdeutsch"	"Kein Deutsch"
"Schweiz"	98328.836465	7077.763535
"Deutschland"	13569.857260	102.326157
"Italien"	2460.330491	4671.369510
"Türkei"	2108.551491	3056.864059
"EU-17 + EFTA"	3583.861280	8430.453219
"EU-Ost"	974.562389	1980.735427
"Balkan"	3019.383249	3695.153533
"Mittel- und Südamerika"	362.636451	982.581368
"Arabische Länder"	335.414839	604.239079
"Afrikanische Länder"	383.627886	824.569013
"Übrige Länder"	1265.136156	4535.947144

