"Staatsangehörigkeit"	"Deutsch oder Schweizerdeutsch"	"Kein Deutsch"
"Schweiz"	96601.839957	7605.560043
"Deutschland"	13481.673861	209.139295
"Italien"	2022.529955	5106.186015
"Türkei"	2061.340705	2963.409608
"EU-West + EFTA + UK"	3650.410752	9481.787635
"EU-Ost"	1396.873233	3073.569808
"Balkan"	2420.085614	3189.418867
"Mittel- und Südamerika"	287.728356	1268.205490
"Arabische Länder"	419.279666	804.603417
"Afrikanische Länder"	551.406078	875.808340
"Übrige Länder"	1220.363924	5015.579381

