"Staatsangehörigkeit"	"Deutsch oder Schweizerdeutsch"	"Kein Deutsch"
"Schweiz"	97383.566667	7231.233333
"Deutschland"	13628.429243	176.226058
"Italien"	2215.129538	4943.782571
"Türkei"	2139.251094	2951.924087
"EU-West + EFTA + UK"	3596.388536	8862.291059
"EU-Ost"	1440.256573	2715.462851
"Balkan"	2489.398877	3321.933759
"Mittel- und Südamerika"	272.335022	1223.055642
"Arabische Länder"	427.336986	724.560477
"Afrikanische Länder"	444.237648	861.828395
"Übrige Länder"	1245.103648	4653.067937

