"Alter"	"Deutsch oder Schweizerdeutsch"	"Kein Deutsch"
"65 Jahre u.m."	1867.943001	3158.656999
"40-64 Jahre"	10836.078572	12082.450424
"25-39 Jahre"	11886.812582	10962.258422
"15-24 Jahre"	3541.016382	1631.983618

