"Alter"	"Deutsch oder Schweizerdeutsch"	"Kein Deutsch"
"65 Jahre u.m."	1890.119662	3257.080338
"40-64 Jahre"	11075.056940	12485.917587
"25-39 Jahre"	11655.650788	11430.374685
"15-24 Jahre"	3442.534101	1710.865899

