"Alter"	"Deutsch oder Schweizerdeutsch"	"Kein Deutsch"
"65 Jahre u.m."	1923.352686	3475.447314
"40-64 Jahre"	11171.344871	13389.555876
"25-39 Jahre"	11499.472463	11828.226790
"15-24 Jahre"	3303.697146	1740.902854

