"Alter"	"Deutsch oder Schweizerdeutsch"	"Kein Deutsch"
"65 u.m. Jahre"	2024.625836	2730.374164
"40-64 Jahre"	9928.515537	11721.320810
"25-39 Jahre"	11874.128315	10248.435337
"15-24 Jahre"	3779.214897	1439.585103

