Alter	Männer	Frauen
0-4	18.76010782	16.45997745
5-9	18.21705426	19.05080214
10-14	21.80634662	21.08540925
15-19	27.04296546	19.05642923
20-24	17.33247423	13.53904282
25-29	9.347553325	9.02189781
30-34	8.691522204	8.179048512
35-39	8.672861568	9.174782163
40-44	9.968032549	10.65923254
45-49	10.65658302	10.60056429
50-54	10.0038625	9.002770083
55-59	13.124035	10.25815217
60-64	9.471516815	3.904170364
65-69	0.550314465	1.02258202
