Bewertung	 Note 10	 Note 9	 Note 8	 Note 7	 Note 6	 Note 5	 Note 4	 Note 3	 Note 2	 Note 1	N
Freundlich	281.6906300	158.4568750	259.7913580	144.5920530	79.7488660	55.2315780	17.7186670	9.3890940	9.5044960	1.3811270	1017.5047440
Handelt angemessen	162.2798170	131.6138450	285.1141330	188.8495230	79.6738560	67.9149580	24.1512960	19.2091060	4.6697040	6.8172630	970.2935010
Hilfsbereit	304.6264400	178.2395480	264.0266580	128.5373080	66.7885630	37.5069610	20.4553240	8.3181000	1.6864480	1.7484830	1011.9338330
Sympathisch	215.7635580	142.1678140	264.6421640	150.3585600	95.7733480	89.4325470	16.9550620	14.9155300	13.2365560	1.8998800	1005.1450190
Respektvoll	255.2544130	149.8047860	236.5376850	151.2833270	74.7404290	71.0702320	35.1995930	17.0971560	9.9773100	6.1960180	1007.1609490
Nimmt Anliegen ernst	204.8219320	153.6595100	274.8881390	171.0847000	81.1160800	64.6970320	15.5055480	8.0752330	8.6705370	5.6229350	988.1416460
Gerecht 	191.9521410	140.7417760	254.6019930	158.6375900	83.9668250	64.9458260	27.3716080	6.4057420	5.5867260	6.0975830	940.3078100
