Bewertung	 Note 10	 Note 9	 Note 8	 Note 7	 Note 6	 Note 5	 Note 4	 Note 3	 Note 2	 Note 1	N
Freundlich	327.515465231039	260.781608388656	414.101158325114	210.515494730784	86.3620138532699	121.49127083664	52.0232470370571	39.2292345964312	24.5759435219286	20.4152187595889	1557.01065528051	
Handelt angemessen	213.107854953768	221.450484565179	285.896560133101	157.351633021759	87.0528217188081	94.9393753014335	51.3803786520079	47.7383002848836	29.6047819885455	34.6966194383219	1223.21881005781	
Hilfsbereit	412.541584795842	346.633992368027	306.038281202671	145.553056867919	78.7663901633198	73.2054438861716	42.8250083165438	30.7884190196677	29.4180780680473	20.5501203213848	1486.32037500959
Sympathisch	281.985991291754	264.830637721251	333.888899659769	187.738126067183	119.967894973261	109.047032179052	53.6841226899388	64.1743007620571	36.756615673693	46.2877281780587	1498.36134919602
Respektvoll	313.734481794685	278.081501788159	320.532908488824	159.222063147954	91.0443428426701	92.5106992316075	55.1918432243513	37.1947514571044	46.9959111773316	34.7050949723824	1429.21359812507
Nimmt Anliegen ernst	301.692639522881	240.605368492297	248.154285514912	173.419859948867	104.537078849055	88.7069194427085	47.7398923951633	40.4406619915014	26.271110732422	32.5783933890398	1304.14621027885
Gerecht 	257.638806955243	248.014262450211	274.043633113364	165.169462012274	99.4475023016213	76.7489251808991	53.725993767491	47.1079087045064	34.8540651453962	30.4482768499082	1287.19883648091

