"Jahr"	"Männer"	"Frauen"	"Total"
2011	0.8904825	0.7046279	0.8037344
2012	0.8840209	0.6932103	0.7950478
2013	0.8818779	0.704487	0.7988232
2014	0.8787231	0.7001559	0.7950704
2015	0.8729933	0.7050946	0.7938071
2016	0.8738822	0.7052739	0.7937954

