"Jahr"	"Männer"	"Frauen"	"Total"
2011	0.8820696	0.6941411	0.7942777
2012	0.8780179	0.6920878	0.7909173
2013	0.8741883	0.6946241	0.7900425
2014	0.8733403	0.6938479	0.789236
2015	0.8716492	0.695482	0.788604
2016	0.8704906	0.6966483	0.7880388
2017	0.8637243	0.6965459	0.7842009
2018	0.8643725	0.7007733	0.7864348
2019	0.8689941	0.7078079	0.7922211
2020	0.8639405	0.7039574	0.7873447
2021	0.8581244	0.7043408	0.7846485

