Staatsangehörigkeit	PersonenproWohnung
Schweiz	1.867069234
Deutschland	1.80747881
Italien	2.00458833
Türkei	2.686572684
EU-17 & EFTA	2.094175806
EU-Ost	2.027190678
Balkan	2.799970783
Mittel- & Südamerika	2.220171885
Arabische Länder	2.656674693
Afrikanische Länder	2.442005769
Übrige Länder	2.381934351
