Jahr	 1- und 2-Sterne	 3-Sterne	 4- und 5-Sterne	 Nicht klassiert	 Total
2016	72.27759563	56.66656158	95.88615665	20.78333333	64.52954235
2017	74.63287671	63.34257113	98.761805	28.99863014	68.00261328
2018	73.13150685	64.22202318	100.3250604	28.9260274	68.51886196
2019	78.7500761	67.60317808	95.90030441	31.08667497	70.90458795
2020	60.7671524	57.42688525	85.3783434	28.00903741	60.13458354
2021	68.284018265	63.213150685	77.445890411	33.497488584	62.814736405
2022	69.147260274	67.268135795	95.690932811	38.293361433	70.887207587
2023	69.041095890	70.276214197	100.177168950	43.2878819181	74.451070205
2024	69.851434426	69.101838053	99.741530055	43.981459797	73.275358607
2025	69.337671233	71.223874755	104.749531363	45.699178082	75.017960426
Ø 2016-2025	70.441034924	65.151880885	95.950122083	33.877750374	68.971223391