Jahr	1- und 2-Sterne	3-Sterne	4- und 5-Sterne	Nicht klassiert
Verfügbare Zimmer 2013	566	1 341	1 726	144
Verfügbare Zimmer 2022	553	1 547	2 010	498
Nettozimmerauslastung (rechte Skala) 2013	0.554208379	0.684134686	0.613459063	0.367038778
Nettozimmerauslastung (rechte Skala) 2022	0.482956606	0.553863822	0.532440349	0.449441123