Jahr	1- und 2-Sterne	3-Sterne	4- und 5-Sterne	Nicht klassiert
Verfügbare Zimmer 2009	378	1 262	1 628	268
Verfügbare Zimmer 2018	727	1 646	1 692	346
Nettozimmerauslastung (rechte Skala) 2009	0.516005456	0.642513546	0.631309527	0.40791436
Nettozimmerauslastung (rechte Skala) 2018	0.531156006	0.657905249	0.64980253	0.64980253
