Jahr	1- und 2-Sterne	3-Sterne	4- und 5-Sterne	Nicht klassiert
Verfügbare Zimmer 2012	571	1 409	1 683	163
Verfügbare Zimmer 2021	615	1 580	1 549	402
Nettozimmerauslastung (rechte Skala) 2012	0.518465827	0.659348085	0.605729208	0.362102333
Nettozimmerauslastung (rechte Skala) 2021	0.279764459	0.378984341	0.366113375	0.279715633