Jahr	1- und 2-Sterne	3-Sterne	4- und 5-Sterne	Nicht klassiert
Verfügbare Zimmer 2015	732	1389	1834	127
Verfügbare Zimmer 2024	559	1520	1995	616
Nettozimmerauslastung (rechte Skala) 2015	0.507874729	0.655398181	0.659221735	0.354407391
Nettozimmerauslastung (rechte Skala) 2024	0.559284293	0.619884966	0.638542341	0.465595119