Jahr	1- und 2-Sterne	3-Sterne	4- und 5-Sterne	Nicht klassiert
Verfügbare Zimmer 2016	723	1473	1726	208
Verfügbare Zimmer 2025	555	1496	1990	685
Nettozimmerauslastung (rechte Skala) 2016	0.505207997	0.650162662	0.650075192	0.467044333
Nettozimmerauslastung (rechte Skala) 2025	0.613269641	0.641010388	0.683086435	0.591931558