Jahr	1- und 2-Sterne	3-Sterne	4- und 5-Sterne	Nicht klassiert
Verfügbare Zimmer 2014	615	1 353	1 805	133
Verfügbare Zimmer 2023	552	1 546	2 104	563
Nettozimmerauslastung (rechte Skala) 2014	0.523349633	0.668715949	0.646489540	0.394368612
Nettozimmerauslastung (rechte Skala) 2023	0.525903780	0.605269399	0.569712856	0.462369587