Jahr	So-Do	Fr-Sa	Mo-So	
2015	0.660365727	0.524392450	0.621628807	
2016	0.653325586	0.522586440	0.615605161	
2017	0.638928153	0.543769460	0.611833344	
2018	0.656006280	0.561482302	0.629092612	
2019	0.671053247	0.584308224	0.646343677
2020	0.289241649	0.270460316	0.283902442
2021	0.327142573	0.406251910	0.349844140
2022	0.514638713	0.549466802	0.524642944
2023	0.567966150	0.551828351	0.563370638
2024	0.601170205	0.598867847	0.600515899
