Jahr	Mo-Do	Fr-So	Mo-So	
2012	0.698304205	0.471786578	0.601275881	
2013	0.719753993	0.487181156	0.620405741	
2014	0.723168077	0.496758848	0.626545043	
2015	0.710086965	0.503085352	0.621628807	
2016	0.708969466	0.491981573	0.615605161	
2017	0.687306341	0.511537324	0.611833344	
2018	0.704086997	0.528479558	0.629092612	
2019	0.714705637	0.554665042	0.646343677
2020	0.31055756	0.247966409	0.283902442
2021	0.344777987	0.356583894	0.349844140

