Monat 2025	Inland	Ausland
Jan 25	1.623525572	1.981114878	
Feb 25	1.595208197	2.044187058
Mrz 25	1.801961749	2.239133709
Apr 25	1.704056307	2.083613208
Mai 25	1.958652423	2.216712241
Jun 25	1.747009365	2.125596547
Jul 25	1.676528600	1.824967513
Aug 25	1.601534607	1.783518909
Sep 25	1.651469776	1.973543187
Okt 25	1.641928270	1.975833243
Nov 25	1.594660898	2.010029426
Dez 25	1.512188529	1.892916226
		



