Monat 2023	Inland	Ausland
Jan 23	1.667313772	2.025466819
Feb 23	1.645382512	2.029436637
Mrz 23	1.765080853	2.170092001
Apr 23	1.661002765	2.023015526
Mai 23	1.660552147	1.931512647
Jun 23	1.766946588	2.180055465
Jul 23	1.573270915	1.823870865
Aug 23	1.659633474	1.728823781
Sep 23	1.594800209	1.892018983
Okt 23	1.624824612	2.044563414
Nov 23	1.656264230	2.031405716
Dez 23	1.521432936	1.926316852
		



