Monat 2021	Inland	Ausland
Jan 21	2.227627980	2.029115646
Feb 21	1.920792079	2.104247104
Mrz 21	1.727326208	2.274734680
Apr 21	1.648724987	2.522540984
Mai 21	1.571124017	1.900714595
Jun 21	1.697909156	2.032621020
Jul 21	1.635207438	1.686187720
Aug 21	1.733273090	1.649872702
Sep 21	1.768998968	2.131388596
Okt 21	1.650336183	1.965420954
Nov 21	1.552807810	2.020488757
Dez 21	1.438799486	1.905561961
		



