Monat 2018	Inland	Ausland
Jan 18	1.899316149	2.004470289
Feb 18	1.800411205	1.980260682
Mrz 18	1.928760855	2.200136709
Apr 18	1.75177026	1.980517696
Mai 18	1.577965816	1.880069394
Jun 18	1.724162541	2.073554038
Jul 18	1.631506324	1.819282426
Aug 18	1.744631725	1.921187728
Sep 18	1.634043721	1.962502032
Okt 18	1.56523174	2.020176055
Nov 18	1.591991342	1.956046029
Dez 18	1.568057428	1.92118609
