Monat 2020	Inland	Ausland
Jan 20	1.859707764	1.98440103
Feb 20	1.572050341	1.964992952
Mrz 20	1.998445135	2.104858211
Apr 20	4.269507187	3.441666667
Mai 20	2.181380714	2.382613222
Jun 20	1.677786674	1.819787986
Jul 20	1.59299916	1.673712838
Aug 20	1.705490405	1.673429104
Sep 20	1.62094532	1.713488632
Okt 20	1.706171805	2.050075491
Nov 20	1.837993786	2.204556835
Dez 20	1.975279658	2.001868722
		



