Jahr	 Inland	 Ausland
2008	100	100
2009	105.0678185	100.8847551
2010	101.5875618	108.0874389
2011	102.5400989	108.8444524
2012	104.8597124	108.2347573
2013	107.9916758	110.2901721
2014	121.7039272	112.5565648
2015	133.2210274	113.1811889
2016	135.903321	114.2887524
2017	141.9450894	127.2899481
