Jahr	 Inland	 Ausland
2014	100 	100 
2015	109.4632116 	100.5549424 
2016	111.6671615 	101.5389486 
2017	116.6314782 	113.0897593 
2018	125.9094008 	116.1807949 
2019	131.0705528 	118.4597501 
2020	76.8407944 	33.3332082 
2021	110.4625078 	47.8981008 
2022	147.5247144 	95.6574347 
2023	148.7664808 	116.8479771 
