Jahr	 Inland	 Ausland
2016	100 	100 
2017	104.4456371 	111.3757439 
2018	112.7541876 	114.4199310 
2019	117.3760943 	116.6643458 
2020	68.8123467 	32.8280021 
2021	98.9212105 	47.1721457 
2022	132.1110991 	94.2076278 
2023	133.2231238 	115.0770012 
2024	143.3295749 	119.7472276 
2025	154.4247112 	130.5048424

