Jahr	 Inland	 Ausland
2009	100	100
2010	96.68760926	107.1395166
2011	97.59420188	107.8898911
2012	99.80193164	107.285543
2013	102.7828286	109.3229319
2014	115.8336863	111.5694484
2015	126.7952731	112.1885946
2016	129.3481895	113.2864448
2017	135.0985406	126.1736206
2018	145.8455003	129.622272
