Jahr	 Inland	 Ausland
2015	100 	100 
2016	102.0134161 	100.9785756 
2017	106.5485623 	112.4656397 
2018	115.0243986 	115.5396165 
2019	119.7393635 	117.8059946 
2020	70.1978256 	33.14924896 
2021	100.912906 	47.63376086 
2022	134.7710452 	95.12952065 
2023	135.9054596 	116.2031167 
2024	146.2153956 	120.9190448 

