Jahr	 Inland	 Ausland
2013	100	100
2014	112.6975078 	102.0549362 
2015	123.3623115 	102.6212824 
2016	125.8461081 	103.6255092 
2017	131.4407693 	115.4136817 
2018	141.8967568 	118.5682361 
2019	147.7132465 	120.8940224 
2020	86.5976603 	34.0181844
2021	124.4884934	48.8823762
2022	166.2566765	97.6231340

