"Staatsangehörigkeit"	"Deutsch oder Schweizerdeutsch"	"Kein Deutsch"
"Schweiz"	97942.600852	7066.399148
"Deutschland"	13421.690499	156.324669
"Italien"	2343.192062	4880.808442
"Türkei"	2141.900320	2980.375813
"EU-West + EFTA + UK"	3675.106542	8595.543323
"EU-Ost"	1447.046349	2553.488114
"Balkan"	2614.251986	3318.322099
"Mittel- und Südamerika"	307.136900	1076.696259
"Arabische Länder"	411.690143	626.556556
"Afrikanische Länder"	416.313813	881.258565
"Übrige Länder"	1282.029230	4568.268315

