"Staatsangehörigkeit"	"Deutsch oder Schweizerdeutsch"	"Kein Deutsch"
"Schweiz"	98860.113602	6911.086398
"Deutschland"	13545.709912	102.717130
"Italien"	2618.366548	4403.601262
"Türkei"	2009.958631	3161.720667
"EU-17 + EFTA"	3642.018837	7905.800902
"EU-Ost"	830.428360	1821.121200
"Balkan"	3101.069889	3687.921858
"Mittel- und Südamerika"	410.128959	980.492534
"Arabische Länder"	298.198885	546.649604
"Afrikanische Länder"	384.176331	785.782932
"Übrige Länder"	1291.794185	4439.541373

