"Alter"	"Deutsch oder Schweizerdeutsch"	"Kein Deutsch"
"65 Jahre u.m."	1892.364062	3376.435938
"40-64 Jahre"	11102.458329	12714.197133
"25-39 Jahre"	11687.784780	11830.959758
"15-24 Jahre"	3377.750673	1716.049327

