"Alter"	"Deutsch oder Schweizerdeutsch"	"Kein Deutsch"
"65 Jahre u.m."	2056.907609	3491.492391
"40-64 Jahre"	11200.715960	13880.684124
"25-39 Jahre"	11228.874737	12026.725179
"15-24 Jahre"	3325.563511	1652.636489

