Jahr	1- und 2-Sterne	3-Sterne	4- und 5-Sterne	Nicht klassiert
Verfügbare Zimmer 2023	557	1 546	2 037	561
Verfügbare Zimmer 2024	545	1 499	1 991	625
Nettozimmerauslastung (rechte Skala) 2023	0.537788846	0.648478905	0.631605619	0.472888276
Nettozimmerauslastung (rechte Skala) 2024	0.676709086	0.724612107	0.776348407	0.526400000
