Jahr	1- und 2-Sterne	3-Sterne	4- und 5-Sterne	Nicht klassiert
Verfügbare Zimmer 2018	709	1 649	1 645	346
Verfügbare Zimmer 2019	709	1 715	1 678	340
Nettozimmerauslastung (rechte Skala) 2018	0.50848537	0.66934425	0.63187439	0.57822301
Nettozimmerauslastung (rechte Skala) 2019	0.66399761	0.73419729	0.75298935	0.62620571
