Jahr	1- und 2-Sterne	3-Sterne	4- und 5-Sterne	Nicht klassiert
Verfügbare Zimmer 2021	679	1 614	1 575	413
Verfügbare Zimmer 2022	562	1 565	2 050	558
Nettozimmerauslastung (rechte Skala) 2021	0.243508565	0.325579474	0.289841270	0.227360775
Nettozimmerauslastung (rechte Skala) 2022	0.613701068	0.709137380	0.648010176	0.557108722
