Jahr	1- und 2-Sterne	3-Sterne	4- und 5-Sterne	Nicht klassiert
Verfügbare Zimmer 2022	548	1 423	1 870	403
Verfügbare Zimmer 2023	550	1 547	2 137	564
Nettozimmerauslastung (rechte Skala) 2022	0.304809698	0.325017569	0.265412529	0.237238568
Nettozimmerauslastung (rechte Skala) 2023	0.404285714	0.476844584	0.455578581	0.367717832
