Jahr	1- und 2-Sterne	3-Sterne	4- und 5-Sterne	Nicht klassiert
Verfügbare Zimmer 2018	754	1 673	1 717	343
Verfügbare Zimmer 2019	709	1 679	1 720	340
Nettozimmerauslastung (rechte Skala) 2018	0.44262856	0.61321173	0.59689631	0.58167968
Nettozimmerauslastung (rechte Skala) 2019	0.63374130	0.73637360	0.81170293	0.70242280
