Jahr	1- und 2-Sterne	3-Sterne	4- und 5-Sterne	Nicht klassiert
Verfügbare Zimmer 2022	549	1 547	2 124	561
Verfügbare Zimmer 2023	557	1 541	2 024	561
Nettozimmerauslastung (rechte Skala) 2022	0.506314511	0.567356173	0.562743252	0.489542484
Nettozimmerauslastung (rechte Skala) 2023	0.534410533	0.707181484	0.673649539	0.487759952
