Jahr	1- und 2-Sterne	3-Sterne	4- und 5-Sterne	Nicht klassiert
Verfügbare Zimmer 2020	511	945	1 239	349
Verfügbare Zimmer 2021	599	1 608	1 575	409
Nettozimmerauslastung (rechte Skala) 2020	0.128124211	0.237911488	0.083932105	0.105972492
Nettozimmerauslastung (rechte Skala) 2021	0.229514375	0.292127169	0.313384537	0.226616150
