Jahr	1- und 2-Sterne	3-Sterne	4- und 5-Sterne	Nicht klassiert
Verfügbare Zimmer 2025	563	1 525	2 006	562
Verfügbare Zimmer 2026	549	1 396	1 971	692
Nettozimmerauslastung (rechte Skala) 2025	0.437452423	0.505379656	0.562110224	0.503328604
Nettozimmerauslastung (rechte Skala) 2026	0.458561020	0.461573884	0.527089222	0.500051610
