Jahr	1- und 2-Sterne	3-Sterne	4- und 5-Sterne	Nicht klassiert
Verfügbare Zimmer 2019	708	1 714	1 720	340
Verfügbare Zimmer 2020	433	1 216	1 588	344
Nettozimmerauslastung (rechte Skala) 2019	0.700564972	0.769929227	0.795639535	0.693137255
Nettozimmerauslastung (rechte Skala) 2020	0.243341032	0.260862418	0.162641882	0.191472868
