Jahr	1- und 2-Sterne	3-Sterne	4- und 5-Sterne	Nicht klassiert
Verfügbare Zimmer 2020	505	1 585	1 782	363
Verfügbare Zimmer 2021	669	1 712	1 791	411
Nettozimmerauslastung (rechte Skala) 2020	0.197253274	0.276890200	0.217971466	0.271121761
Nettozimmerauslastung (rechte Skala) 2021	0.347847051	0.509421164	0.480556906	0.445421015
