Jahr	1- und 2-Sterne	3-Sterne	4- und 5-Sterne	Nicht klassiert
Verfügbare Zimmer 2024	547	1 414	1 997	601
Verfügbare Zimmer 2025	554	1 317	1 982	666
Nettozimmerauslastung (rechte Skala) 2024	0.537681928	0.665837574	0.765037564	0.629100671
Nettozimmerauslastung (rechte Skala) 2025	0.677652265	0.698687175	0.729960621	0.718698557
