Jahr	1- und 2-Sterne	3-Sterne	4- und 5-Sterne	Nicht klassiert
Verfügbare Zimmer 2020	433	1 217	1 589	344
Verfügbare Zimmer 2021	679	1 614	1 575	413
Nettozimmerauslastung (rechte Skala) 2020	0.243341032	0.260862418	0.162641882	0.191471868
Nettozimmerauslastung (rechte Skala) 2021	0.243508565	0.325579474	0.289841270	0.227360775
