Jahr	1- und 2-Sterne	3-Sterne	4- und 5-Sterne	Nicht klassiert
Verfügbare Zimmer 2021	728	1 698	1 807	411
Verfügbare Zimmer 2022	550	1 547	2 124	561
Nettozimmerauslastung (rechte Skala) 2021	0.304558770	0.450726345	0.466703560	0.356517510
Nettozimmerauslastung (rechte Skala) 2022	0.511878788	0.567356173	0.562743252	0.489542848
