Jahr	1- und 2-Sterne	3-Sterne	4- und 5-Sterne	Nicht klassiert
Verfügbare Zimmer 2021	474	1 244	1 089	347
Verfügbare Zimmer 2022	558	1 441	1 663	390
Nettozimmerauslastung (rechte Skala) 2021	0.102014428	0.188798672	0.127032550	0.124744566
Nettozimmerauslastung (rechte Skala) 2022	0.214718965	0.240110148	0.212851795	0.164762378
