Jahr	1- und 2-Sterne	3-Sterne	4- und 5-Sterne	Nicht klassiert
Verfügbare Zimmer 2019	709	1 715	1 717	339
Verfügbare Zimmer 2020	505	1 585	1 782	363
Nettozimmerauslastung (rechte Skala) 2019	0.642704400	0.705896737	0.747872320	0.677256730
Nettozimmerauslastung (rechte Skala) 2020	0.197253274	0.276890200	0.217971466	0.271121761
