Jahr	1- und 2-Sterne	3-Sterne	4- und 5-Sterne	Nicht klassiert
Verfügbare Zimmer 2019	709	1 679	1 720	340
Verfügbare Zimmer 2020	505	870	1 006	363
Nettozimmerauslastung (rechte Skala) 2019	0.511783560	0.570805015	0.590755814	0.580196078
Nettozimmerauslastung (rechte Skala) 2020	0.102508251	0.220815022	0.096875114	0.179430670
