Jahr	1- und 2-Sterne	3-Sterne	4- und 5-Sterne	Nicht klassiert
Verfügbare Zimmer 2020	505	834	916	363
Verfügbare Zimmer 2021	474	1 466	1 417	394
Nettozimmerauslastung (rechte Skala) 2020	0.102508251	0.220815022	0.096875114	0.179430670
Nettozimmerauslastung (rechte Skala) 2021	0.194655415	0.342990335	0.376826600	0.192138631
