Jahr	1- und 2-Sterne	3-Sterne	4- und 5-Sterne	Nicht klassiert
Verfügbare Zimmer 2019	649	1 668	1 678	338
Verfügbare Zimmer 2020	499	1 405	1 686	344
Nettozimmerauslastung (rechte Skala) 2019	0.663997613	0.734197292	0.752989350	0.626205711
Nettozimmerauslastung (rechte Skala) 2020	0.235141952	0.305728389	0.263865771	0.334489872
