Jahr	1- und 2-Sterne	3-Sterne	4- und 5-Sterne	Nicht klassiert
Verfügbare Zimmer 2018	709	1 673	1 720	346
Verfügbare Zimmer 2019	708	1 715	1 720	340
Nettozimmerauslastung (rechte Skala) 2018	0.538787024	0.655050807	0.694186047	0.608092486
Nettozimmerauslastung (rechte Skala) 2019	0.597693032	0.712691934	0.733217054	0.663235294
