Jahr	1- und 2-Sterne	3-Sterne	4- und 5-Sterne	Nicht klassiert
Angebotene Zimmer 2018	754	1 653	1 717	365
Angebotene Zimmer 2019	709	1 679	1 720	341
Nettozimmerauslastung (rechte Skala) 2018	0.47739729	0.57433767	0.54557618	0.49946761
Nettozimmerauslastung (rechte Skala) 2019	0.40952868	0.44416316	0.52311324	0.40093129
