Jahr	1- und 2-Sterne	3-Sterne	4- und 5-Sterne	Nicht klassiert
Verfügbare Zimmer 2023	550	1 549	2 141	564
Verfügbare Zimmer 2024	544	1 492	1 956	596
Nettozimmerauslastung (rechte Skala) 2023	0.499824047	0.550344655	0.535233762	0.477350721
Nettozimmerauslastung (rechte Skala) 2024	0.456800380	0.524296399	0.538113855	0.373917280
