Jahr	1- und 2-Sterne	3-Sterne	4- und 5-Sterne	Nicht klassiert
Verfügbare Zimmer 2020	480	1 184	1 112	377
Verfügbare Zimmer 2021	573	1 457	1 682	403
Nettozimmerauslastung (rechte Skala) 2020	0.147580645	0.215524990	0.150060894	0.132420873
Nettozimmerauslastung (rechte Skala) 2021	0.281042441	0.341249640	0.349141816	0.260803457
