Jahr	1- und 2-Sterne	3-Sterne	4- und 5-Sterne	Nicht klassiert
Verfügbare Zimmer 2022	558	1 441	1 663	390
Verfügbare Zimmer 2023	538	1 439	2 105	556
Nettozimmerauslastung (rechte Skala) 2022	0.214718965	0.240110148	0.212851795	0.164762378
Nettozimmerauslastung (rechte Skala) 2023	0.317057097	0.433515646	0.395742985	0.289710406
