Jahr	1- und 2-Sterne	3-Sterne	4- und 5-Sterne	Nicht klassiert
Verfügbare Zimmer 2023	552	1 547	2 144	564
Verfügbare Zimmer 2024	562	1 547	1 971	625
Nettozimmerauslastung (rechte Skala) 2023	0.562061711	0.628583940	0.573588710	0.509780371
Nettozimmerauslastung (rechte Skala) 2024	0.603547239	0.641950080	0.622461171	0.487313048
