Jahr	1- und 2-Sterne	3-Sterne	4- und 5-Sterne	Nicht klassiert
Verfügbare Zimmer 2020	705	1 576	1 748	368
Verfügbare Zimmer 2021	474	1 244	1 089	347
Nettozimmerauslastung (rechte Skala) 2020	0.440021960	0.563769925	0.557000000	0.466514727
Nettozimmerauslastung (rechte Skala) 2021	0.102014428	0.188798672	0.127032550	0.124744566
