Jahr	1- und 2-Sterne	3-Sterne	4- und 5-Sterne	Nicht klassiert
Verfügbare Zimmer 2018	754	1 673	1 717	346
Verfügbare Zimmer 2019	709	1 679	1 720	340
Nettozimmerauslastung (rechte Skala) 2018	0.46452255	0.60396444	0.56385723	0.51156069
Nettozimmerauslastung (rechte Skala) 2019	0.41602861	0.52986472	0.56858389	0.47909664
