Jahr	1- und 2-Sterne	3-Sterne	4- und 5-Sterne	Nicht klassiert
Verfügbare Zimmer 2023	560	1 545	2 108	561
Verfügbare Zimmer 2024	563	1 503	1 974	625
Nettozimmerauslastung (rechte Skala) 2023	0.625000000	0.683663345	0.642741935	0.502792632
Nettozimmerauslastung (rechte Skala) 2024	0.654943754	0.719760479	0.734228301	0.504533333
