Jahr	1- und 2-Sterne	3-Sterne	4- und 5-Sterne	Nicht klassiert
Verfügbare Zimmer 2022	550	1 547	2 137	564
Verfügbare Zimmer 2023	557	1 546	2 037	561
Nettozimmerauslastung (rechte Skala) 2022	0.518181818	0.632629230	0.607152022	0.520018302
Nettozimmerauslastung (rechte Skala) 2023	0.537788846	0.648478905	0.631605619	0.472888276
