Jahr	1- und 2-Sterne	3-Sterne	4- und 5-Sterne	Nicht klassiert
Verfügbare Zimmer 2023	538	1 439	2 105	556
Verfügbare Zimmer 2024	537	1 467	1 990	552
Nettozimmerauslastung (rechte Skala) 2023	0.317057097	0.433515646	0.395742985	0.289710406
Nettozimmerauslastung (rechte Skala) 2024	0.388208453	0.446682204	0.460941173	0.310094748
