Jahr	1- und 2-Sterne	3-Sterne	4- und 5-Sterne	Nicht klassiert
Verfügbare Zimmer 2024	562	1 547	1 971	625
Verfügbare Zimmer 2025	553	1 520	1 973	692
Nettozimmerauslastung (rechte Skala) 2024	0.603547239122948	0.641950080280251	0.622461170848268	0.487313047962868
Nettozimmerauslastung (rechte Skala) 2025	0.677361021991484	0.727758913412564	0.742998217876821	0.556731307104233
