Jahr	1- und 2-Sterne	3-Sterne	4- und 5-Sterne	Nicht klassiert
Verfügbare Zimmer 2025	560	1 468	2 009	622
Verfügbare Zimmer 2026	549	1 339	1 964	674
Nettozimmerauslastung (rechte Skala) 2025	0.335599078	0.405663071	0.462590933	0.342596131
Nettozimmerauslastung (rechte Skala) 2026	0.428814854	0.489979284	0.513281314	0.493016792
