Jahr	1- und 2-Sterne	3-Sterne	4- und 5-Sterne	Nicht klassiert
Verfügbare Zimmer 2022	551	1 561	2 137	564
Verfügbare Zimmer 2023	560	1 545	2 108	561
Nettozimmerauslastung (rechte Skala) 2022	0.639685420	0.744758977	0.730697239	0.607269504
Nettozimmerauslastung (rechte Skala) 2023	0.625000000	0.683663345	0.642741935	0.502792632
