Jahr	1- und 2-Sterne	3-Sterne	4- und 5-Sterne	Nicht klassiert
Verfügbare Zimmer 2022	553	1 557	1 888	411
Verfügbare Zimmer 2023	552	1 547	2 144	564
Nettozimmerauslastung (rechte Skala) 2022	0.502479146	0.620258147	0.618917441	0.534416451
Nettozimmerauslastung (rechte Skala) 2023	0.562061711	0.628583940	0.573588710	0.509780371
