Jahr	1- und 2-Sterne	3-Sterne	4- und 5-Sterne	Nicht klassiert
Verfügbare Zimmer 2018	754	1 673	1 717	346
Verfügbare Zimmer 2019	708	1 715	1 720	340
Nettozimmerauslastung (rechte Skala) 2018	0.61878868	0.78546630	0.76211097	0.71483622
Nettozimmerauslastung (rechte Skala) 2019	0.70056497	0.76992923	0.79563953	0.69313725
