Jahr	1- und 2-Sterne	3-Sterne	4- und 5-Sterne	Nicht klassiert
Verfügbare Zimmer 2021	474	1 466	1 417	394
Verfügbare Zimmer 2022	562	1 568	1 868	414
Nettozimmerauslastung (rechte Skala) 2021	0.194655415	0.342990335	0.376826600	0.192138631
Nettozimmerauslastung (rechte Skala) 2022	0.413167260	0.483329789	0.470485368	0.452173913
