Jahr	1- und 2-Sterne	3-Sterne	4- und 5-Sterne	Nicht klassiert
Verfügbare Zimmer 2022	562	1 565	2 050	558
Verfügbare Zimmer 2023	551	1 549	2 145	564
Nettozimmerauslastung (rechte Skala) 2022	0.613701068	0.709137380	0.648014176	0.557108722
Nettozimmerauslastung (rechte Skala) 2023	0.657471264	0.757650097	0.690287490	0.613416076
