Jahr	1- und 2-Sterne	3-Sterne	4- und 5-Sterne	Nicht klassiert
Verfügbare Zimmer 2021	573	1 457	1 682	403
Verfügbare Zimmer 2022	536	1 426	2 068	551
Nettozimmerauslastung (rechte Skala) 2021	0.281042441	0.341249640	0.349141816	0.260803457
Nettozimmerauslastung (rechte Skala) 2022	0.533630129	0.558213211	0.544380822	0.451205242
