Jahr	1- und 2-Sterne	3-Sterne	4- und 5-Sterne	Nicht klassiert
Verfügbare Zimmer 2019	709	1 664	1 720	337
Verfügbare Zimmer 2020	505	1 553	1 705	362
Nettozimmerauslastung (rechte Skala) 2019	0.557350933	0.629231127	0.632858215	0.588398583
Nettozimmerauslastung (rechte Skala) 2020	0.254742894	0.317129389	0.320009837	0.331787784
