Jahr	1- und 2-Sterne	3-Sterne	4- und 5-Sterne	Nicht klassiert
Verfügbare Zimmer 2023	536	1 426	2 068	551
Verfügbare Zimmer 2024	547	1 414	1 997	601
Nettozimmerauslastung (rechte Skala) 2023	0.533630129	0.558213211	0.544380822	0.451205242
Nettozimmerauslastung (rechte Skala) 2024	0.537681928	0.665837574	0.765037564	0.629100671
