Jahr	1- und 2-Sterne	3-Sterne	4- und 5-Sterne	Nicht klassiert
Verfügbare Zimmer 2022	549	1 571	2 131	553
Verfügbare Zimmer 2023	551	1 540	2 113	564
Nettozimmerauslastung (rechte Skala) 2022	0.566190728	0.609352858	0.580841949	0.415002919
Nettozimmerauslastung (rechte Skala) 2023	0.567596064	0.618244659	0.559440026	0.456245710
