Jahr	1- und 2-Sterne	3-Sterne	4- und 5-Sterne	Nicht klassiert
Verfügbare Zimmer 2025	553	1 520	1 973	692
Verfügbare Zimmer 2026	497	1 404	2 000	628
Nettozimmerauslastung (rechte Skala) 2025	0.677361022	0.727758913	0.742998218	0.556731307
Nettozimmerauslastung (rechte Skala) 2026	0.614136431	0.650892467	0.637693548	0.699660982
