Jahr	1- und 2-Sterne	3-Sterne	4- und 5-Sterne	Nicht klassiert
Verfügbare Zimmer 2019	709	1 679	1 720	341
Verfügbare Zimmer 2020	708	1 655	1 780	368
Nettozimmerauslastung (rechte Skala) 2019	0.409528684	0.444163162	0.523113243	0.400931293
Nettozimmerauslastung (rechte Skala) 2020	0.440021960	0.563769925	0.557423641	0.466514727
