Jahr	1- und 2-Sterne	3-Sterne	4- und 5-Sterne	Nicht klassiert
Verfügbare Zimmer 2018	709	1 673	1 645	346
Verfügbare Zimmer 2019	709	1 715	1 720	337
Nettozimmerauslastung (rechte Skala) 2018	0.59793439	0.66328234	0.64960723	0.64931893
Nettozimmerauslastung (rechte Skala) 2019	0.55735093	0.62923113	0.63285821	0.58839858
