Jahr	1- und 2-Sterne	3-Sterne	4- und 5-Sterne	Nicht klassiert
Verfügbare Zimmer 2018	754	1 673	1 717	346
Verfügbare Zimmer 2019	709	1 679	1 720	340
Nettozimmerauslastung (rechte Skala) 2018	0.57643380	0.68633516	0.63217916	0.60842812
Nettozimmerauslastung (rechte Skala) 2019	0.59829838	0.66850468	0.68478995	0.60512334
