Jahr	1- und 2-Sterne	3-Sterne	4- und 5-Sterne	Nicht klassiert
Verfügbare Zimmer 2020	505	1 553	1 705	362
Verfügbare Zimmer 2021	683	1 668	1 597	409
Nettozimmerauslastung (rechte Skala) 2020	0.254742894	0.317129389	0.320009837	0.331787784
Nettozimmerauslastung (rechte Skala) 2021	0.414159543	0.478220503	0.483911366	0.360274405
