Jahr	1- und 2-Sterne	3-Sterne	4- und 5-Sterne	Nicht klassiert
Verfügbare Zimmer 2020	499	1 405	1 686	344
Verfügbare Zimmer 2021	683	1 617	1 538	411
Nettozimmerauslastung (rechte Skala) 2020	0.235141952	0.305728389	0.263865771	0.334489872
Nettozimmerauslastung (rechte Skala) 2021	0.348132055	0.424054421	0.386587233	0.301389216
