Jahr	1- und 2-Sterne	3-Sterne	4- und 5-Sterne	Nicht klassiert
Verfügbare Zimmer 2018	709	1 679	1 720	346
Verfügbare Zimmer 2019	708	1 655	1 780	365
Nettozimmerauslastung (rechte Skala) 2018	0.502980306	0.635229930	0.645861654	0.505199063
Nettozimmerauslastung (rechte Skala) 2019	0.489463332	0.591553162	0.616502121	0.479985799
