Jahr	1- und 2-Sterne	3-Sterne	4- und 5-Sterne	Nicht klassiert
Verfügbare Zimmer 2024	556	1 544	1 970	627
Verfügbare Zimmer 2025	553	1 518	1 965	689
Nettozimmerauslastung (rechte Skala) 2024	0.517098632109431	0.555903302395856	0.556175972927242	0.418089009411389
Nettozimmerauslastung (rechte Skala) 2025	0.576793248945148	0.564888010540185	0.617845631891434	0.444879984514131
