Jahr	1- und 2-Sterne	3-Sterne	4- und 5-Sterne	Nicht klassiert
Verfügbare Zimmer 2022	536	1 426	2 068	551
Verfügbare Zimmer 2023	531	1 409	1 985	541
Nettozimmerauslastung (rechte Skala) 2022	0.533630129	0.558213211	0.544380822	0.451205242
Nettozimmerauslastung (rechte Skala) 2023	0.584264206	0.628483114	0.604238445	0.433303545
