Jahr	1- und 2-Sterne	3-Sterne	4- und 5-Sterne	Nicht klassiert
Verfügbare Zimmer 2025	555	1 509	1 956	688
Verfügbare Zimmer 2026	537	1 396	1 947	692
Nettozimmerauslastung (rechte Skala) 2025	0.530392840	0.573205926	0.654066891	0.446979992
Nettozimmerauslastung (rechte Skala) 2026	0.546257890	0.615722340	0.630266581	0.601295916
