Jahr	1- und 2-Sterne	3-Sterne	4- und 5-Sterne	Nicht klassiert
Verfügbare Zimmer 2018	754	1 673	1 717	346
Verfügbare Zimmer 2019	709	1 679	1 720	340
Nettozimmerauslastung (rechte Skala) 2018	0.46951597	0.62171276	0.61001747	0.58063584
Nettozimmerauslastung (rechte Skala) 2019	0.51178356	0.57080501	0.59075581	0.58019608
