Jahr	1- und 2-Sterne	3-Sterne	4- und 5-Sterne	Nicht klassiert
Verfügbare Zimmer 2021	480	1 360	1 094	343
Verfügbare Zimmer 2022	548	1 423	1 870	403
Nettozimmerauslastung (rechte Skala) 2021	0.104985119	0.218408613	0.167319493	0.118596418
Nettozimmerauslastung (rechte Skala) 2022	0.304809698	0.325017569	0.265412529	0.237238568
