Jahr	1- und 2-Sterne	3-Sterne	4- und 5-Sterne	Nicht klassiert
Verfügbare Zimmer 2024	561	1 525	2 006	562
Verfügbare Zimmer 2025	563	1 507	1 970	655
Nettozimmerauslastung (rechte Skala) 2024	0.429405618	0.476246467	0.463382775	0.350444649
Nettozimmerauslastung (rechte Skala) 2025	0.437452423	0.505379657	0.562110225	0.503328604
