Jahr	1- und 2-Sterne	3-Sterne	4- und 5-Sterne	Nicht klassiert
Verfügbare Zimmer 2024	537	1 467	1 990	552
Verfügbare Zimmer 2025	560	1 468	2 009	622
Nettozimmerauslastung (rechte Skala) 2024	0.388208453	0.446682204	0.460941173	0.310094748
Nettozimmerauslastung (rechte Skala) 2025	0.335599078	0.405663071	0.462590933	0.345296131
