Jahr	1- und 2-Sterne	3-Sterne	4- und 5-Sterne	Nicht klassiert
Verfügbare Zimmer 2024	545	1 499	1 991	625
Verfügbare Zimmer 2025	544	1 522	2 000	692
Nettozimmerauslastung (rechte Skala) 2024	0.676709085528263	0.724612106996062	0.776348406539104	0.5264
Nettozimmerauslastung (rechte Skala) 2025	0.683645635673624	0.688758424823026	0.726967741935484	0.603253775871714
