Jahr	1- und 2-Sterne	3-Sterne	4- und 5-Sterne	Nicht klassiert
Verfügbare Zimmer 2020	647	1 504	1 576	368
Verfügbare Zimmer 2021	480	1 435	1 150	382
Nettozimmerauslastung (rechte Skala) 2020	0.217321971	0.242482090	0.193969047	0.231328892
Nettozimmerauslastung (rechte Skala) 2021	0.182997312	0.272339087	0.201980531	0.107507812
