Jahr	1- und 2-Sterne	3-Sterne	4- und 5-Sterne	Nicht klassiert
Verfügbare Zimmer 2025	553	1 518	1 965	689
Verfügbare Zimmer 2026	497	1 402	1 999	690
Nettozimmerauslastung (rechte Skala) 2025	0.576793249	0.564888011	0.617845632	0.444879985
Nettozimmerauslastung (rechte Skala) 2026	0.543796110	0.662895175	0.579139570	0.632914451
