Jahr	1- und 2-Sterne	3-Sterne	4- und 5-Sterne	Nicht klassiert
Verfügbare Zimmer 2023	551	1 549	2 108	561
Verfügbare Zimmer 2024	563	1 503	1 977	623
Nettozimmerauslastung (rechte Skala) 2023	0.542005737	0.555301027	0.544087042	0.442642746
Nettozimmerauslastung (rechte Skala) 2024	0.635191658	0.608997059	0.629040416	0.455858748
