Jahr	1- und 2-Sterne	3-Sterne	4- und 5-Sterne	Nicht klassiert
Verfügbare Zimmer 2024	555	1 503	2 039	623
Verfügbare Zimmer 2025	554	1 426	1 999	692
Nettozimmerauslastung (rechte Skala) 2024	0.486126126126126	0.683517068518067	0.737845349027301	0.450112287455887
Nettozimmerauslastung (rechte Skala) 2025	0.615222623345367	0.685437120149603	0.743204935801234	0.678371868978806
