Jahr	1- und 2-Sterne	3-Sterne	4- und 5-Sterne	Nicht klassiert
Verfügbare Zimmer 2019	709	1 678	1 720	340
Verfügbare Zimmer 2020	511	945	1 239	349
Nettozimmerauslastung (rechte Skala) 2019	0.633741300	0.736373599	0.811702926	0.702422803
Nettozimmerauslastung (rechte Skala) 2020	0.128124211	0.237911488	0.083932105	0.105972491
