Jahr	1- und 2-Sterne	3-Sterne	4- und 5-Sterne	Nicht klassiert
Verfügbare Zimmer 2024	550	1 549	2 141	564
Verfügbare Zimmer 2025	544	1 492	1 956	596
Nettozimmerauslastung (rechte Skala) 2024	0.499824046920821	0.550344655240634	0.535233761733287	0.477350720658888
Nettozimmerauslastung (rechte Skala) 2025	0.456800379776881	0.524296398772211	0.538113854934759	0.373917280207882
