Jahr	1- und 2-Sterne	3-Sterne	4- und 5-Sterne	Nicht klassiert
Verfügbare Zimmer 2024	563	1 503	1 977	623
Verfügbare Zimmer 2025	554	1 501	1 994	689
Nettozimmerauslastung (rechte Skala) 2024	0.635191657594683	0.608997059644153	0.629040416401521	0.45585874799358
Nettozimmerauslastung (rechte Skala) 2025	0.682659834633749	0.65128623928134	0.651389652829456	0.626152909780421
