Jahr	1- und 2-Sterne	3-Sterne	4- und 5-Sterne	Nicht klassiert
Verfügbare Zimmer 2021	599	1 608	1 575	409
Verfügbare Zimmer 2022	553	1 557	1 888	411
Nettozimmerauslastung (rechte Skala) 2021	0.229514375	0.292127169	0.313384537	0.226616150
Nettozimmerauslastung (rechte Skala) 2022	0.502479146	0.620258147	0.618917441	0.534416451
