Jahr	1- und 2-Sterne	3-Sterne	4- und 5-Sterne	Nicht klassiert
Verfügbare Zimmer 2019	709	1 679	1 720	340
Verfügbare Zimmer 2020	708	1 655	1 780	368
Nettozimmerauslastung (rechte Skala) 2019	0.416028612	0.529864715	0.568583887	0.479096639
Nettozimmerauslastung (rechte Skala) 2020	0.429037600	0.524117096	0.585761333	0.483133433
