Jahr	1- und 2-Sterne	3-Sterne	4- und 5-Sterne	Nicht klassiert
Verfügbare Zimmer 2023	551	1 540	2 113	564
Verfügbare Zimmer 2024	560	1 498	1 973	591
Nettozimmerauslastung (rechte Skala) 2023	0.567596064	0.618244659	0.559440026	0.456245710
Nettozimmerauslastung (rechte Skala) 2024	0.602348607	0.638873336	0.668672236	0.480244488
