Jahr	1- und 2-Sterne	3-Sterne	4- und 5-Sterne	Nicht klassiert
Angebotene Zimmer 2017	754	1 673	1 717	365
Angebotene Zimmer 2018	709	1 679	1 720	346
Nettozimmerauslastung (rechte Skala) 2017	0.43961525	0.56772572	0.52960909	0.51671425
Nettozimmerauslastung (rechte Skala) 2018	0.50298031	0.63522993	0.64586165	0.50519906
