Jahr	1- und 2-Sterne	3-Sterne	4- und 5-Sterne	Nicht klassiert
Verfügbare Zimmer 2022	547	1 573	2 139	559
Verfügbare Zimmer 2023	551	1 549	2 108	561
Nettozimmerauslastung (rechte Skala) 2022	0.589997641	0.646022599	0.591835196	0.527214022
Nettozimmerauslastung (rechte Skala) 2023	0.542005737	0.555301027	0.544087042	0.442642746
