Jahr	1- und 2-Sterne	3-Sterne	4- und 5-Sterne	Nicht klassiert
Verfügbare Zimmer 2021	683	1 668	1 597	409
Verfügbare Zimmer 2022	547	1 573	2 139	559
Nettozimmerauslastung (rechte Skala) 2021	0.414159543	0.478220503	0.483911366	0.360274405
Nettozimmerauslastung (rechte Skala) 2022	0.589997641	0.646022599	0.591835196	0.527214022
