Jahr	1- und 2-Sterne	3-Sterne	4- und 5-Sterne	Nicht klassiert
Verfügbare Zimmer 2023	550	1 542	2 142	564
Verfügbare Zimmer 2024	556	1 544	1 970	627
Nettozimmerauslastung (rechte Skala) 2023	0.468303030	0.562297280	0.536087768	0.490189125
Nettozimmerauslastung (rechte Skala) 2024	0.517098632	0.555903302	0.556175973	0.418089009
