Jahr	1- und 2-Sterne	3-Sterne	4- und 5-Sterne	Nicht klassiert
Verfügbare Zimmer 2024	563	1 533	1 974	615
Verfügbare Zimmer 2025	554	1 519	2 003	692
Nettozimmerauslastung (rechte Skala) 2024	0.709295441089402	0.748826086956522	0.701857480580885	0.571707317073171
Nettozimmerauslastung (rechte Skala) 2025	0.699939831528279	0.747311827956989	0.797819936761525	0.732129094412332
