Jahr	1- und 2-Sterne	3-Sterne	4- und 5-Sterne	Nicht klassiert
Verfügbare Zimmer 2019	708	1 655	1 780	340
Verfügbare Zimmer 2020	487	1 429	1 667	363
Nettozimmerauslastung (rechte Skala) 2019	0.597693032	0.710070493	0.734962547	0.663235294
Nettozimmerauslastung (rechte Skala) 2020	0.151664612	0.204656262	0.134071734	0.146189164
