Jahr	1- und 2-Sterne	3-Sterne	4- und 5-Sterne	Nicht klassiert
Verfügbare Zimmer 2020	505	1 582	1 798	363
Verfügbare Zimmer 2021	673	1 721	1 830	412
Nettozimmerauslastung (rechte Skala) 2020	0.255907591	0.349475281	0.248424175	0.362985403
Nettozimmerauslastung (rechte Skala) 2021	0.429024269	0.581013271	0.511948998	0.562161288
