Jahr	1- und 2-Sterne	3-Sterne	4- und 5-Sterne	Nicht klassiert
Verfügbare Zimmer 2022	562	1 568	1 868	414
Verfügbare Zimmer 2023	550	1 542	2 142	564
Nettozimmerauslastung (rechte Skala) 2022	0.413167260	0.483329789	0.470485368	0.452173913
Nettozimmerauslastung (rechte Skala) 2023	0.468303030	0.562297280	0.536087768	0.490189125
