Jahr	1- und 2-Sterne	3-Sterne	4- und 5-Sterne	Nicht klassiert
Verfügbare Zimmer 2024	560	1 498	1 973	591
Verfügbare Zimmer 2025	554	1 518	1 996	688
Nettozimmerauslastung (rechte Skala) 2024	0.602348606953719	0.638873336491666	0.668672236482841	0.480244488103034
Nettozimmerauslastung (rechte Skala) 2025	0.708279958076162	0.68447447830337	0.716368220311591	0.690422640802174
