Jahr	1- und 2-Sterne	3-Sterne	4- und 5-Sterne	Nicht klassiert
Verfügbare Zimmer 2019	709	1 679	1 720	340
Verfügbare Zimmer 2020	646	1 500	1 570	368
Nettozimmerauslastung (rechte Skala) 2019	0.598298376	0.668504678	0.684789947	0.605123340
Nettozimmerauslastung (rechte Skala) 2020	0.217321971	0.242482090	0.193969047	0.231328892
