Jahr	1- und 2-Sterne	3-Sterne	4- und 5-Sterne	Nicht klassiert
Verfügbare Zimmer 2021	669	1 712	1 791	411
Verfügbare Zimmer 2022	550	1 547	2 137	564
Nettozimmerauslastung (rechte Skala) 2021	0.347847051	0.509421164	0.480556906	0.445421015
Nettozimmerauslastung (rechte Skala) 2022	0.518181818	0.632629230	0.607152022	0.520018302
