Jahr	1- und 2-Sterne	3-Sterne	4- und 5-Sterne	Nicht klassiert
Verfügbare Zimmer 2019	689	1 528	1 719	363
Verfügbare Zimmer 2020	480	1 184	1 112	377
Nettozimmerauslastung (rechte Skala) 2019	0.489463332	0.591553162	0.616502121	0.479985799
Nettozimmerauslastung (rechte Skala) 2020	0.147580645	0.215524990	0.150060894	0.132420873
