Jahr	1- und 2-Sterne	3-Sterne	4- und 5-Sterne	Nicht klassiert
Verfügbare Zimmer 2020	487	1 429	1 667	363
Verfügbare Zimmer 2021	728	1 698	1 807	411
Nettozimmerauslastung (rechte Skala) 2020	0.151664612	0.204656262	0.134071734	0.146189164
Nettozimmerauslastung (rechte Skala) 2021	0.304558770	0.450726345	0.466703560	0.356517510
