Jahr	1- und 2-Sterne	3-Sterne	4- und 5-Sterne	Nicht klassiert
Verfügbare Zimmer 2021	480	1 435	1 150	382
Verfügbare Zimmer 2022	554	1 565	1 872	411
Nettozimmerauslastung (rechte Skala) 2021	0.182997312	0.272339087	0.201980531	0.107507812
Nettozimmerauslastung (rechte Skala) 2022	0.387737277	0.455395965	0.433674524	0.256864899
