Jahr	1- und 2-Sterne	3-Sterne	4- und 5-Sterne	Nicht klassiert
Verfügbare Zimmer 2018	709	1 673	1 717	343
Verfügbare Zimmer 2019	709	1 715	1 720	340
Nettozimmerauslastung (rechte Skala) 2018	0.59901269	0.69364785	0.70697335	0.66326531
Nettozimmerauslastung (rechte Skala) 2019	0.60296192	0.7094655	0.71042636	0.67219262
