Jahr	1- und 2-Sterne	3-Sterne	4- und 5-Sterne	Nicht klassiert
Verfügbare Zimmer 2023	551	1 549	2 145	564
Verfügbare Zimmer 2024	563	1 533	1 974	615
Nettozimmerauslastung (rechte Skala) 2023	0.657471264	0.757650097	0.690287490	0.613416076
Nettozimmerauslastung (rechte Skala) 2024	0.709295441	0.748826087	0.701857481	0.571707317
