Jahr	1- und 2-Sterne	3-Sterne	4- und 5-Sterne	Nicht klassiert
Verfügbare Zimmer 2021	683	1 617	1 538	411
Verfügbare Zimmer 2022	549	1 571	2 131	553
Nettozimmerauslastung (rechte Skala) 2021	0.348132055	0.424054421	0.386587233	0.301389216
Nettozimmerauslastung (rechte Skala) 2022	0.566190728	0.609352858	0.580841949	0.415002919
