Jahr	1- und 2-Sterne	3-Sterne	4- und 5-Sterne	Nicht klassiert
Verfügbare Zimmer 2024	563	1 503	1 974	625
Verfügbare Zimmer 2025	551	1 473	1 996	692
Nettozimmerauslastung (rechte Skala) 2024	0.654943753700	0.719760479042	0.734228301250	0.504533333333
Nettozimmerauslastung (rechte Skala) 2025	0.730369026013	0.756687033265	0.785688042752	0.730057803468
