Jahr	1- und 2-Sterne	3-Sterne	4- und 5-Sterne	Nicht klassiert
Verfügbare Zimmer 2019	709	1 715	1 720	338
Verfügbare Zimmer 2020	505	1 582	1 798	363
Nettozimmerauslastung (rechte Skala) 2019	0.602961918	0.709465500	0.710426357	0.672192619
Nettozimmerauslastung (rechte Skala) 2020	0.255907591	0.349475281	0.248424175	0.362985403
