Jahr	1- und 2-Sterne	3-Sterne	4- und 5-Sterne	Nicht klassiert
Verfügbare Zimmer 2023	550	1 547	2 137	564
Verfügbare Zimmer 2024	561	1 525	2 006	562
Nettozimmerauslastung (rechte Skala) 2023	0.404285714	0.476844584	0.455578581	0.367717832
Nettozimmerauslastung (rechte Skala) 2024	0.429405618	0.476246467	0.463382775	0.350444649
