Jahr	1- und 2-Sterne	3-Sterne	4- und 5-Sterne	Nicht klassiert
Verfügbare Zimmer 2022	554	1 565	1 872	411
Verfügbare Zimmer 2023	550	1 549	2 141	564
Nettozimmerauslastung (rechte Skala) 2022	0.387737277	0.455395965	0.433674524	0.256864899
Nettozimmerauslastung (rechte Skala) 2023	0.499824047	0.550344655	0.535233762	0.477350721
