Jahr	1- und 2-Sterne	3-Sterne	4- und 5-Sterne	Nicht klassiert
Verfügbare Zimmer 2020	708	1 655	1 780	368
Verfügbare Zimmer 2021	480	1 360	1 094	343
Nettozimmerauslastung (rechte Skala) 2020	0.429037600	0.524117096	0.585761333	0.530175280
Nettozimmerauslastung (rechte Skala) 2021	0.104985119	0.218408613	0.118596418	0.174291630
