Jahr	1- und 2-Sterne	3-Sterne	4- und 5-Sterne	Nicht klassiert
Verfügbare Zimmer 2018	709	1 673	1 720	346
Verfügbare Zimmer 2019	709	1 715	1 717	340
Nettozimmerauslastung (rechte Skala) 2018	0.57991719	0.68616169	0.75643302	0.66071094
Nettozimmerauslastung (rechte Skala) 2019	0.64270440	0.70589674	0.74787232	0.67725673
