Jahr	1- und 2-Sterne	3-Sterne	4- und 5-Sterne	Nicht klassiert
Verfügbare Zimmer 2023	549	1 547	2 124	561
Verfügbare Zimmer 2024	555	1 503	2 039	623
Nettozimmerauslastung (rechte Skala) 2023	0.506314511	0.567356173	0.562743252	0.489542484
Nettozimmerauslastung (rechte Skala) 2024	0.486126126	0.683517069	0.737845349	0.450112287
