Jahr	1- und 2-Sterne	3-Sterne	4- und 5-Sterne	Nicht klassiert
Verfügbare Zimmer 2021	673	1 721	1 830	412
Verfügbare Zimmer 2022	551	1 561	2 137	564
Nettozimmerauslastung (rechte Skala) 2021	0.429024269	0.581013271	0.511948998	0.562161288
Nettozimmerauslastung (rechte Skala) 2022	0.639685420	0.744758977	0.730697239	0.607269504
