Land	Anteil
Schweiz	0.366885540432889
Deutschland	0.139725080086103
Vereinigte Staaten	0.098886421803759
Vereinigtes Königreich	0.059858641671893
Frankreich	0.036799945761793
Italien	0.030464923134290
Niederlande	0.028147595721961
Spanien	0.023914981609858
Indien	0.011559517957932
China, Hongkong, Taiwan	0.010816454516178
Übrige Länder	0.192940897303344
