Land	Anteil
Schweiz	0.374663513
Deutschland	0.130759207
Vereinigte Staaten	0.102257831
Vereinigtes Königreich	0.0532471
Frankreich	0.034901298
Italien	0.029958331
Niederlande	0.026258668
Spanien	0.024010168
Indien	0.012792767
China, Hongkong, Taiwan	0.013886771
Übrige Länder	0.197264347
