Land	Anteil
Schweiz	0.330330566
Deutschland	0.141756323
Vereinigte Staaten	0.102961488
Vereinigtes Königreich	0.068717684
Frankreich	0.043428809
Italien	0.034251016	
Spanien	0.0250826
Niederlande	0.02185721	
Indien	0.017664636
China, Hongkong, Taiwan	0.015162651
Übrige Länder	0.198787017
