Land	Anteil
Schweiz	0.371980722
Deutschland	0.133005671
Vereinigte Staaten	0.093469743
Vereinigtes Königreich	0.060187192
Frankreich	0.034916316
Italien	0.030756294
Spanien	0.027060012
Niederlande	0.025731651
Indien	0.011982525
China, Hongkong, Taiwan	0.011189067
Übrige Länder	0.199720807
