Jahr	Schweiz	Deutschland	Vereinigte Staaten	Vereinigtes Königreich	Frankreich	Italien	Niederlande	Spanien	Indien	VR China	Übrige Länder
Logiernächte 2014	363756	176308	112834	92842	50443	46114	28322	23691	12230	23944	232454
Logiernächte 2023	541147	206091	145855	88290	54279	44935	41517	35274	17050	15954	284583
Marktanteile (rechte Skala) 2014	0.312790535694938	0.151605674593143	0.097024948879476	0.079834006628040	0.043375485193536	0.039653016755837	0.024353834856200	0.020371679315664	0.010516467773862	0.020589231756121	0.199885118553182
Marktanteile (rechte Skala) 2023	0.366885540432889	0.139725080086103	0.098886421803759	0.059858641671893	0.036799945761793	0.030464923134290	0.028147595721961	0.023914981609858	0.011559517957932	0.010816454516178	0.192940897303344
