Jahr	Schweiz	Deutschland	Vereinigte Staaten	Vereinigtes Königreich	Frankreich	Italien	Spanien	Niederlande	Indien	VR China	Übrige Länder
Logiernächte 2016	406196	167768	123366	101277	52631	48749	27206	26061	14627	19629	230167
Logiernächte 2025	627267	224286	157617	101493	58879	51864	45631	43391	20206	18868	336787
Marktanteile (rechte Skala) 2016	0.333582715284924	0.137777095239542	0.101312581251021	0.0831723026713981	0.0432224637568091	0.0400344262066213	0.0223425423983536	0.0214022273558587	0.0120122167044298	0.0161200384009881	0.189021390730054
Marktanteile (rechte Skala) 2025	0.371980722165655	0.133005671032664	0.093469743323950	0.060187192112384	0.034916316242352	0.030756293849987	0.027060011658737	0.025731650980348	0.011982524940861	0.011189066642788	0.199720807050274
