Jahr	Schweiz	Deutschland	Vereinigte Staaten	Vereinigtes Königreich	Frankreich	Italien	Niederlande	Spanien	Indien	VR China	Übrige Länder
Logiernächte 2015	398179	169496	121342	95610	51414	46523	25330	24685	15629	19842	233746
Logiernächte 2024	582199	203190	158901	82742	54234	46553	40804	37310	19879	21579	306534
Marktanteile (rechte Skala) 2015	0.3313199577964980	0.1410355834101630	0.100967219062137	0.0795559312895034	0.0427809711465174	0.038711228860805	0.0210767884066847	0.0205400916628113	0.0130047029612347	0.0165102895998988	0.194497235803747
Marktanteile (rechte Skala) 2024	0.374663513361327	0.130759206525411	0.102257830976398	0.053247100085268	0.0349012983252087	0.0299583313222968	0.026258667567611	0.0240101678008913	0.0127927667036697	0.0138867705970365	0.197264346734881
