Jahr	Schweiz	Deutschland	Vereinigte Staaten	Vereinigtes Königreich	Frankreich	Italien	Spanien	Niederlande	Indien	VR China	Übrige Länder
Logiernächte 2009	314033	201941	90940	78413	48130	41359	26997	30835	7511	10582	179601
Logiernächte 2018	458 003	196 545	142756	95277	60214	47489	34777	30305	24492	21023	275618
Marktanteile (rechte Skala) 2009	0.304785207	0.195994146	0.088261956	0.076103857	0.046712645	0.040141041	0.02620198	0.029926956	0.007289813	0.010270376	0.174312025
Marktanteile (rechte Skala) 2018	0.330330566	0.141756323	0.102961488	0.068717684	0.043428809	0.034251016	0.0250826	0.02185721	0.017664636	0.015162651	0.198787017
