Jahr	Rosental	Messe	Erlenmatt
2011	5.797101000000	5.797101000000	0.000000000000
2012	5.797101000000	5.797101000000	0.000000000000
2013	5.281690140845	5.660377358490	0.000000000000
2014	5.226480836236	5.617977528089	0.000000000000
2015	7.046979865771	5.617977528089	19.354838709677
2016	7.046979865771	5.617977528089	19.354838709677
2017	6.976744186046	5.617977528089	17.647058823529
2018	6.885245901639	5.597014925373	16.216216216216