Jahr	Anzahl Genossenschaftswohnungen	Anteil am Bestand (rechte Skala)	Gesamter Wohnungsbestand
2012	63	2.51798561151079	2502
2013	61	2.4082116067900	2533
2014	60	2.3952095808380	2505
2015	59	2.0109066121330	2934
2016	61	1.9753886010360	3088
2017	83	2.6808785529710	3096
2018	110	3.4257240734970	3211
2019	116	3.2366071428571	3584
2020	108	3.0176026823135	3579

