"Jahr"	"Messe"	"Erlenmatt"
"2011"	0.0312071580	0.0016619197
"2012"	0.0299607127	0.0028392521
"2013"	0.0314790058	0.0045453305
"2014"	0.0298761077	0.0050922739
"2015"	0.0286786341	0.0050425159
"2016"	0.0225143956	0.0070114409
"2017"	0.0211739985	0.0070526117

