"schuljahr"	"Messe"	"Erlenmatt"	"Stadt Basel"
"2014"	16.320474777	7.6923076923	45.7
"2015"	15.634218289	15.217391304	45.6
"2016"	18.67816092	18.333333333	46.1
"2017"	18.338108883	22.680412371	46.3
"2018"	19.590643275	32.653061224	46.2
"2019"	18.770226537	31.067961165	46.6
"2020"	19.93006993	33.870967742	47.4
"2021"	23.263888889	35.094339623	47.2
"2022"	21.153846154	31.081081081	46.6
"2023"	22.14532872	31.756756757	46.6

