"schuljahr"	"Messe"	"Erlenmatt"
"2014"	16.320474777	7.6923076923
"2015"	15.634218289	15.217391304
"2016"	18.67816092	18.333333333
"2017"	18.338108883	22.680412371
"2018"	19.590643275	32.653061224
"2019"	18.770226537	31.067961165

