JAHR	Familienmietzinsbeiträge	Prämienverbilligung
2011	1.6009852217	17.857142857
2012	2.5641025641	17.788461538
2013	3.3162258192	19.344650612
2014	3.6327345309	19.241516966
2015	3.3742331288	16.428084526
2016	3.2707253886	17.325129534
2017	3.1330749354	16.957364341
2018	3.301152289	17.408906883
