Jahr	1- und 2-Sterne	3-Sterne	4- und 5-Sterne	Nicht klassiert
Verfügbare Zimmer 2011	415	1 422	1 695	280
Verfügbare Zimmer 2020	547	1 436	1 622	364
Nettozimmerauslastung (rechte Skala) 2011	0.570876689	0.644069719	0.628790092	0.353958887
Nettozimmerauslastung (rechte Skala) 2020	0.245301806	0.321575429	0.267331657	0.269630952