Jahr	1- und 2-Sterne	3-Sterne	4- und 5-Sterne	Nicht klassiert
Verfügbare Zimmer 2010	414	1 400	1 654	279
Verfügbare Zimmer 2019	709	1 690	1 726	342
Nettozimmerauslastung (rechte Skala) 2010	0.597178579	0.653571322	0.616250087	0.38492143
Nettozimmerauslastung (rechte Skala) 2019	0.569354542	0.652387304	0.681675957	0.59698089
