Monat 2019	Inland	Ausland
Jan 19	1.59776033	1.97041839
Feb 19	1.609227812	1.949751192
Mrz 19	1.872654816	2.110608752
Apr 19	1.553890017	1.897910032
Mai 19	1.653797628	2.100867022
Jun 19	1.739519869	2.171462596
Jul 19	1.761854063	2.024953637
Aug 19	1.698299913	1.912870728
Sep 19	1.603187251	1.9059264
Okt 19	1.657319164	2.064947204
Nov 19	1.73410705	2.019997042
Dez 19	1.548309087	1.870225981
