Jahr	 Inland	 Ausland
2011	100	100
2012	102.2621526 	99.4398473 
2013	105.3165317 	101.3282438 
2014	118.6891066 	103.4104746 
2015	129.9209079 	103.9843432 
2016	132.5367563 	105.0019086 
2017	138.4288595 	116.9466567 
2018	149.4407429 	120.1431113 
2019	155.5664681 	122.4997897 
2020	91.20165232	34.47002879


