Jahr	 Inland	 Ausland
2010	100	100
2011	100.9376513	100.7003714
2012	103.221015	100.1362955
2013	106.3040335	102.0379178
2014	119.8019965	104.1347319
2015	131.1391129	104.7126197
2016	133.7794889	105.7373119
2017	139.7268395	117.7657176
2018	150.841976	120.9845593
2019	157.0251391	123.3577432
