Land	Anteil
Schweiz	0.512121355022323
Deutschland	0.147232945920697
Frankreich	0.044191550674414
Niederlande	0.043574681337281
Vereinigte Staaten	0.038407763377079
Italien	0.030076203755511
Vereinigtes Königreich	0.020394923828108
Spanien	0.018680689823058
Indien	0.004003278074246
China, Hongkong, Taiwan	0.002050708188940
Übrige Länder	0.138994433030500
