Land	Anteil
Schweiz	0.512016720827395
Deutschland	0.1654478976234
Frankreich	0.0493619780694845
Vereinigtes Königreich	0.0370796437481911
Vereinigte Staaten	0.0364641531692269
Niederlande	0.0273490307855199
Italien	0.0219579927679857
Spanien	0.0129399566958414
Indien	0.00803801387051983
China, Hongkong, Taiwan	0.00433224767633988
Übrige Länder	0.125012364766095
