Jahr	Schweiz	Deutschland	Frankreich	Vereinigtes Königreich	Vereinigte Staaten	Niederlande	Italien	Spanien	Indien	VR China	Übrige Länder
Logiernächte 2011	306478	195333	47407	83728	107913	29277	42214	23998	12612	15713	214630
Logiernächte 2020	279513	90319	26947	20242	19906	14930	11987	7064	4388	2365	68245
Marktanteile (rechte Skala) 2011	0.283959184770171	0.180980688462832	0.0439237174361602	0.0775759911720805	0.0999839711369282	0.027125839546448	0.0391122789429845	0.0222347199998518	0.0116853191365168	0.0145584696790429	0.198859819716984
Marktanteile (rechte Skala) 2020	0.512016720827395	0.1654478976234	0.0493619780694845	0.0370796437481911	0.0364641531692269	0.0273490307855199	0.0219579927679857	0.0129399566958414	0.00803801387051983	0.00433224767633988	0.125012364766095
