Jahr	Schweiz	Deutschland	Vereinigte Staaten	Vereinigtes Königreich	Frankreich	Italien	Niederlande	Spanien	Indien	VR China	Übrige Länder
Logiernächte 2013	322772	185430	113226	84025	50040	44998	28043	22484	13665	18918	222261
Logiernächte 2022	536630	179918	117500	66875	49783	38578	38485	29751	12002	7013	224572
Marktanteile (rechte Skala) 2013	0.291873669589876	0.167679149839673	0.102387097124234	0.075981451573524	0.045249768958514	0.040690429728122	0.025358498619177	0.020331650784637	0.012356876355278	0.017107016969568	0.200984390457399
Marktanteile (rechte Skala) 2022	0.412441098234042	0.138280710195241	0.090307714892011	0.051398539858751	0.038262033791226	0.029650136383864	0.029578658788247	0.022865913410657	0.00924452716033	0.005390025570533	0.172600716159393
