Jahr	Stadt Basel	Klybeck	Kleinhüningen
2013	41.2465408278070	31.8266145905980	33.6599338964370
2014	40.8820826407020	31.7784862766840	32.8884462151390
2015	40.6319621598630	31.8502666292450	32.4669064748200
2016	40.4485163543870	31.7752793098570	32.5936599423630
2017	40.2035834999940	31.6809704108820	32.4776282284460
2018	40.1806271152920	31.7660050321490	32.2444846292940