"Jahr"	"Klybeck"	"Kleinhüningen"
"2011"	0.0404652889	0.0346941760
"2012"	0.0413345752	0.0370901262
"2013"	0.0371756760	0.0416621128
"2014"	0.0357620177	0.0401487390
"2015"	0.0349001423	0.0418801708
"2016"	0.0214949578	0.0413876725
"2017"	0.0212962463	0.0405617067
"2018"	0.0219132652	0.0406343342
"2019"	0.0223740657	0.0423440413
"2020"	0.0217343949	0.0376090532

