"Jahr"	"Klybeck"	"Kleinhüningen"
"2011"	0.0403784924	0.0341225120
"2012"	0.0420935633	0.0363545323
"2013"	0.0370501732	0.0416336998
"2014"	0.0358287447	0.0401144283
"2015"	0.0346173573	0.0422729113
"2016"	0.0219580178	0.0412043689
"2017"	0.0210824062	0.0401821072

