"Jahr"	"Klybeck"	"Kleinhüningen"
"2014"	0.0357620177	0.0401487390
"2015"	0.0349001423	0.0418801708
"2016"	0.0214949578	0.0413876725
"2017"	0.0212962463	0.0405617067
"2018"	0.0219132652	0.0406343342
"2019"	0.0223740657	0.0423440413
"2020"	0.0217343949	0.0376090532
"2021"	0.0208107014	0.0419302618
"2022"	0.0213053109	0.0488899191
"2023"	0.0215783619	0.0536575066