"schuljahr"	"Klybeck"	"Kleinhüningen"	"Stadt Basel"
"2014"	18.029739777	22.666666667	45.6805599080748
"2015"	15.873015873	22.457627119	45.591202582728
"2016"	16.216216216	20.661157025	46.1256076991765
"2017"	15.719063545	23.008849558	46.2550803173989
"2018"	17.171717172	23.348017621	46.2327790973872
"2019"	18.181818182	22.966507177	46.5692207429476
"2020"	19.521178637	22.274881517	47.4471992653811

