JAHR	FAMI-Quote Klybeck	FAMI-Quote Kleinhüningen	PV-Quote Klybeck	PV-Quote Kleinhüningen
2011	2.3946912868	2.5641025641	22.013848817	20.016542597
2012	3.2454361055	3.3255993813	22.631121414	19.180201083
2013	3.8572251007	3.7955073586	22.970639033	19.287374129
2014	4.1162924583	4.0593286495	23.488773748	19.906323185
2015	4.4340723454	4.5383411581	23.016336056	20.970266041
2016	4.8277892258	5.2466718872	23.932881955	22.474549726
2017	4.6865846514	5.0314465409	23.491505565	23.270440252
2018	4.8495471808	5.1424050633	25.007303535	23.338607595
2019	4.3490866918	4.552715655	26.877355755	25
