Jahr	Stromverbrauch Klybeck	Stromverbrauch Kleinhüningen	Stromverbrauch Basel
2010	135.521281	54.720635	1211.012948
2012	124.389035	51.841674	1271.574697
2014	100.038977	48.059304	1131.005707
2016	96.921504	48.391548	1180.640203