"Jahr"	"PW pro Haushalt Klybeck"	"Motorisierungsgrad Klybeck"	"PW pro Haushalt Kleinhüningen"	"Motorisierungsgrad Kleinhüningen"	"PW pro Haushalt Basel"	"Motorisierungsgrad Basel"
2021	0.45748	223.784	0.54968	253.916	0.45968	233.759
2022	0.45996	225.437	0.54933	249.821	0.45142	227.295
2023	0.46469	228.592	0.53702	251.753	0.44616	224.190
2024	0.46046	226.913	0.53308	247.677	0.44214	223.174

