Jahr	Basel-Stadt	Basel-Landschaft	Jura
2016	100	100	100
2017	100.327911958733	99.952190282675	99.8008727704105
2018	100.561471891603	99.7647544590711	99.5276024234207
2019	101.037872284479	99.781053226341	99.1399398381562
2020	101.56454219933	99.9223092093468	99.095453967716

