Jahr	BS/BL/JU	Schweiz
2017	100	100
2018	99.9523300093677	100.331349707222
2018	99.9523300093677	100.331349707222
2020	100.335629992184	101.229524547594
2021	100.111969047764	101.643861733434
