Jahr	BS/BL/JU	Schweiz
2016	100	100
2017	100.067115583018	100.411415403705
2018	100.019413598394	100.744128334663
2019	100.147820684912	101.131170787911
2020	100.402970835228	101.64599840468
