Jahr	BS/BL/JU	Schweiz
2014	100.0000000	        100.0000000
2015	100.434254292146	100.868234327002
2016	100.954183512336	101.701423441353
2017	101.021939501182	102.119838763178
2018	100.973782352085	102.458212549936
2019	101.103414677851	102.851840234212
2020	101.360999428834	103.375427248734
2021	101.135052804874	103.79854771485
2022	101.382838135982	104.504697933342
2023	102.810473619962	106.155608676214
