Alter	Basel-Stadt	Basel-Landschaft	Jura
15-19	3.883121284	4.870337207	5.844536155
20-24	4.780608525	5.228159316	6.326700173
25-29	7.571136646	5.437438396	6.185047467
30-34	8.685807584	5.974345092	5.862242744
35-39	8.19650247	6.330778949	5.741020717
40-44	7.122906462	6.419974179	5.900380011
45-49	6.607416079	7.300126331	6.891948951
50-54	7.347791709	8.229561451	7.544368624
55-59	6.855405974	7.556606	7.289666163
60-64	5.710955711	6.383879611	6.407060843
