Alter	BS/BL/JU	Schweiz
15-19	4.57360883999802	4.86027552965639
20-24	4.94276795005203	5.30994392190472
25-29	5.94530215832431	6.29707040588698
30-34	6.88288843112687	7.20299794053238
35-39	7.04198432754996	7.20314540998493
40-44	6.89580723028025	7.06675885398085
45-49	6.58593302045064	6.75228591831213
50-54	7.03225098572207	7.20578851632685
55-59	7.55077265037128	7.48640019692844
60-64	6.62999851345325	6.37537668519299






