Alter	BS/BL/JU	Schweiz
15-19	4.69013770107566	4.96579098704813
20-24	4.85563709418642	5.24786275958581
25-29	5.92030916472509	6.26707019592607
30-34	6.85715082941529	7.16668723440008
35-39	7.14141216847803	7.29563911237548
40-44	6.98986425213109	7.14154848030485
45-49	6.57881886797717	6.73439662192273
50-54	6.80029856160275	6.99879427706723
55-59	7.46194734712669	7.38203475061753
60-64	6.74205114611382	6.50436530615387







