Alter	BS/BL/JU	Schweiz
15-19	4.53801390420243	4.84446904951386
20-24	5.11174482956398	5.51516095175484
25-29	6.08001595973018	6.45828864053147
30-34	6.93892018888056	7.15614223267938
35-39	7.00607217859223	7.18280797665594
40-44	6.69827738224801	6.91576992722282
45-49	6.7237488266214	6.94161678373297
50-54	7.47043620293794	7.55001557039549
55-59	7.49697637924309	7.43342214225575
60-64	6.4204070799928	6.14026042928157



