Jahr	Basel-Stadt	Basel-Landschaft	Jura
2014	32.386714	35.12385873	33.61292914
2015	32.15320671	35.6392912	34.18797382
2016	31.89302949	36.07251539	34.56662839
2017	31.73975027	36.6716366	35.36582507
2018	31.61285581	37.26893754	35.91305163
