Jahr	Basel-Stadt	Basel-Landschaft	Jura
2014	32.3867139976335	35.1238587260585	33.6129291401838	
2015	32.1532067098313	35.6392911980744	34.1879738192777	
2016	31.8930294884126	36.0725153924182	34.5666283946857	
2017	31.7397502703766	36.6716366015075	35.3658250697424	
2018	31.612855813042	37.2689375401687	35.9130516255973	
2019	31.4827600211185	37.8069607208056	36.7609435512264	
2020	31.2865544317704	38.2810111699001	37.051101734646	
2021	31.5995507520021	38.952525288126	37.8549934173406	
2022	31.5247698093632	39.481991761627	38.4423353194696	
