Jahr	BS/BL/JU	Schweiz
2014	33.93593931	28.68960206
2015	34.18511679	28.99314292
2016	34.35734781	29.26131959
2017	34.70496059	29.62516178
2018	35.02681065	29.99944083
