Beschäftigte	Veränderung 2014-2017
Basel-Stadt	-0.003173708
Basel-Landschaft	0.012062333
Jura	0.010628019
BS/BL/JU	0.00425002
Schweiz	0.02653384
