Beschäftigte	Veränderung 2014-2018
Basel-Stadt	-0.00426989
Basel-Landschaft	0.023168092
Jura	0.037586898
BS/BL/JU	0.010990797
Schweiz	0.040363452
