Jahr	Weiss nicht/Keine Angabe	sehr sicher	eher sicher	eher unsicher	sehr unsicher	geht nachts nie raus	Weiss nicht/Keine Angabe	Anz sehr sicher	Anz eher sicher	Anz eher unsicher	Anz sehr unsicher	Anz geht nachts nie raus	Total
2003 (N=1497)	0	0.336673346693	0.362057448229	0.165664662658	0.058116232464	0.077488309953	0	504	542	248	87	116	1497
2005 (N=1510)	0	0.34238410596	0.354966887417	0.168874172185	0.060264900662	0.073509933774	0	517	536	255	91	111	1510
2007 (N=1509)	0	0.297548045062	0.374420145791	0.188866799204	0.06030483764	0.078860172299	0	449	565	285	91	119	1509
2011 (N=1516)	0.000659630606	0.287598944591	0.347625329815	0.232849604221	0.070580474934	0.060686015831	1	436	527	353	107	92	1516
2015 (N=1506)	0.000664010624	0.245019920318	0.379150066401	0.222443559096	0.073705179282	0.079017264276	1	369	571	335	111	119	1506
