Jahr	Basel-Stadt	Basel-Landschaft	Jura
2014	100	100	100
2015	100.6556375	100.3350891	100.2176511
2016	101.2854256	100.7802319	100.7297713
2017	101.6175526	100.7320492	100.5291909
2018	101.8541148	100.5431509	100.2539263
