Jahr	BS/BL/JU	Schweiz
2014	100	100
2015	100.4342543	100.8682343
2016	100.9541835	101.7014234
2017	101.0219395	102.1198388
2018	100.9737824	102.4582125
