"Wohnviertel"	"Fremdprachenquote"
01	0.2727272727
02	0.3846153846
03	0.3888888889
04	0.6545454545
05	0.4647887324
06	0.6058394161
07	0.2619047619
08	0.2395833333
09	0.3725490196
10	0.625
11	0.5853658537
12	0.2727272727
13	0.6842105263
14	0.4375
15	0.3595505618
16	0.7246376812
17	0.6015625
18	0.7857142857
19	0.8148148148
