Jahr	Lohnunterschied zwischen Frauen und Männern (rechte Skala)	Bruttolohn der Frauen	Bruttolohn der Männer
2002	0.207443258	4749	5992
2004	0.200097927	4901	6127
2006	0.187310697	5098	6273
2008	0.184615385	5300	6500
2010	0.177136817	5449	6622
2012	0.172243235	5690	6874
2014	0.144031713	5830	6811
2016	0.135806075	5918	6848
2018	0.13648371	5884	6814
2020	0.117638484	6053	6860
2022	0.119577	6251	7100

