Jahr	Life Sciences	Chemische Industrie	Baugewerbe	Handel und Reparatur	Verkehr und Lagerei	Gastgewerbe	Finanz- und Versicherungsdienstl.	Grundstücks- und Wohnungswesen	Unternehmens- und freiberufl. Dienstl.	Öffentliche Verwaltung	Gesundheits- und Sozialwesen	Übrige Branchen
2000	23.25555713	3.760261798	3.140579322	8.748302944	5.248466203	1.691755684	15.25055331	5.790270883	10.26236399	6.392952761	5.810627084	10.64830889
2010	35.39596472	1.850245624	1.781365151	8.582967666	4.388678076	1.35006049	11.10594858	4.986135687	9.861626422	6.554124408	5.794689933	8.348193243
2022	44.69167966	1.700835572	1.582991741	7.339227429	2.705611489	1.118859333	8.72301815	4.112919675	9.349419326	6.38375794	6.276673911	6.01500578


