"jahr"	"Fotovoltaik"	"Thermische"
2000	0.16850274	
2001	0.35955544	
2002	0.63524874	
2003	1.04809214	
2004	1.22035144	
2005	1.45180934	
2006	1.704230752	
2007	2.000250352	
2008	2.112173452	
2009	2.627700952	
2010	3.801124552	7.1650033
2011	5.906246283	
2012	7.267160035	9.2759643
2013	11.061867655	
2014	12.162255436	11.853544
2015	13.812073825	
2016	15.99543402	14.71428493
2017	18.477129614	
2018	20.794322454	20.06559564
2019	22.472556724	
2020	25.106487134	20.8669364
