Jahr	Anteil Frauen Kader	Anteil Frauen Total
2013	0.332390382	0.521650485436893
2014	0.351165981	0.524824738307884
2015	0.332358104	0.530791788856305
2016	0.337537538	0.534344088009615
2017	0.3429229	0.536116451524307
2018	0.358608894	0.539268910604416
2019	0.362527716	0.542672107877928
2020	0.357182168	0.543791189732917
2021	0.363586659	0.5445628998
2022	0.3717052179	0.5469011725
