Jahr	Beziehende	Sozialhilfequote (rechte Skala)
2010	11754	6.1754924264
2011	12469	6.5035858652
2012	12802	6.6298628661
2013	13078	6.700069675
2014	12992	6.6254953058
2015	13129	6.6575728687
2016	13626	6.8746657518
2017	13901	6.9858483929
2018	13698	6.8402444871
2019	13179	6.5761176007
2020	12793	6.3340776646
2021	11911	5.902232353
