"jahr"	"Andere (nicht erneuerbar)"	"Fernwärme (nicht erneuerbar)"	"Fernwärme (erneuerbar)"	"Andere (erneuerbar)"
2014	1066.2858135	377.23734659	837.16166508	402.60037661
2016	878.06082491	462.03620413	904.82130217	416.26556792
2018	576.23593859	626.57933878	888.19587466	413.56943849
2020	580.80065914	559.5101324	944.39033289	416.26712868
