"jahr"	"Heizöl"	"Erdgas"	"Benzin"	"Diesel"	"Anteil am Endenergieverbrauch (rechte Skala)"
2010	503.116594	1262.9277103	416.166948	397.66955678	46.299649106
2012	443.12365626	1157.7843572	405.048215	351.14480156	45.119943999
2014	353.12950264	983.79301066	393.917677	373.994309	44.653853817
2016	258.23841724	932.60845667	378.591486	389.281783	41.622813203
2018	215.70116311	692.60280622	359.370153	398.445491	38.993030106
2020	198.34706706	694.91957457	224.836548	313.336111	34.923057185
