"Verbrauchergruppe"	"Heizöl"	"Erdgas"	"Abfall"	"Elektrizität"	"Fernwärme"	"Holz"	"Thermische Solarenergie"	"Umweltwärme"	"Benzin"	"Diesel"
Wohnen	123.631544	407.865658		343.019258	487.284169	11.357674	19.4801989	27.415343		
Nichtwohnen	51.441117	155.711825	99.95114	809.454954	491.55168	15.6449788	1.3571545	8.184354		
Verkehr		9.868333		49.227444					208.251292	349.634329
