"Jahr"	"Endenergie total (GWh; 2010 = 100%)"	"kWh pro Franken BIP (2010 = 100%)"	"kWh pro Kopf (2010 = 100%)"	"Endenergie total"	"kWh pro Franken BIP"	"kWh pro Kopf"	"Mittlere Bevölkerung"
2010	100	100	100	5572.1390093	0.1840880742	29029.72195	191946.0000
2012	93.753546115	91.925514404	93.28988161	5224.0779157	0.1692239092	27081.793239	192900.0000
2014	84.593513799	79.77658994	82.807475289	4713.6681817	0.1468591881	24038.77983	196086.0000
2016	84.453765344	72.614398683	81.902033928	4705.8812036	0.1336744481	23775.93272	197926.2500
2018	76.682674132	60.90491542	73.642499798	4272.8651987	0.1121186859	21378.212928	199870.0833
2020	74.387132723	59.715734788	70.850735595	4144.9544404	0.1099295462	20567.771542	201526.6667
2022	69.362468325	49.03358668	65.383043492	3864.9731554	0.0902649854	18980.515728	203628.4583
