"Jahr"	"Wohnen"	"Nichtwohnen"	"Verkehr"
2010	2201.202054	2284.1681474	904.56614297
2012	1841.3082533	2443.2767969	768.19289756
2014	1428.3761044	2260.3794224	843.863591
2016	1497.5194642	2140.2092493	853.242907
2018	1488.9056517	1739.160907	830.892541
2020	1548.277439	1786.3759538	639.3026865
2022	1420.0538449	1633.2972033	616.981398
