"Jahr"	"Endenergie total (GWh; 1995 = 100%)"	"kWh pro Franken BIP (1995 = 100%)"	"kWh pro Kopf (1995 = 100%)"	"Endenergie total"	"kWh pro Franken BIP"	"kWh pro Kopf"	"Mittlere Bevölkerung"
1995	100	100	100	5240	0.2732323435	26308.786834	199173.0000
2000	98.473282443	86.721761544	103.49601378	5160	0.2369519014	27228.545647	189507.0000
2004	96.08778626	71.720241529	101.36916382	5035	0.1959628967	26668.997225	188796.0000
2010	106.33853071	65.465369658	110.34230553	5572.1390093	0.1788725637	29029.72195	191946.0000
2012	99.69614343	59.450547622	102.9382062	5224.0779157	0.1624381245	27081.793239	192900.0000
2014	89.955499651	52.198538041	91.371677387	4713.6681817	0.1426232888	24038.77983	196086.0000
2016	89.806893198	47.851789138	90.372706663	4705.8812036	0.1307465649	23775.962752	197926.0000
2018	81.543228983	40.025511577	81.25883347	4272.8651987	0.1093626433	21378.213281	199870.0800
2020	78.222086228	39.312312897	77.308499451	4098.8373184	0.1074139538	20338.928325	201526.7104
