"Jahr"	"Energieeffizienz (BIP/Bruttoverbrauch)"	"kWh/Kopf"
2000	100	100
2004	117.55552319	99.984562135
2010	156.00103092	88.867633654
2012	171.21495145	82.172759297
2014	193.88491693	74.220031571
2016	212.17876976	73.695521947
2018	243.63062315	68.804269165
2020	250.66968379	65.61828179
2022	303.19405412	60.970797383
