Jahr,Erleichtert Eingebürgerte,Ordentlich Eingebürgerte,Einbürgerungsziffer
2006,256,879,19.4371122
2007,200,1823,34.47923236
2008,204,1594,29.94370982
2009,160,1019,19.11571574
2010,156,711,13.95416211
2011,278,557,13.02753725
2012,214,654,13.24644803
2013,175,871,15.4843676
2014,232,749,14.26307448
2015,206,960,16.78474428