Zuwendungen Zusammen,Anteil Veranlagungen mit Zuwendungen
2006,16.49162132
2007,17.33864744
2008,17.6223107
2009,17.87924026
2010,18.73011371
2011,18.7740006
2012,18.90761827
2013,19.26842463