Jahr	1- und 2-Sterne	3-Sterne	4- und 5-Sterne	Nicht klassiert
Angebotene Zimmer 2008	313	1 148	1 623	290
Angebotene Zimmer 2017	736	1 623	1 652	346
Nettozimmerauslastung (rechte Skala) 2008	0.66211857	0.666619067	0.67476068	0.401365677
Nettozimmerauslastung (rechte Skala) 2017	0.494873855	0.635030286	0.643437661	0.601112747
