Jahr	Anzahl Haushalte	Anteil in Prozent (rechte Skala)	Haushalte Total
2011	1165	1.2038108622	96776
2012	1497	1.5303306005	97822
2013	1717	1.7469959199	98283
2014	1865	1.9029641345	98005
2015	1990	2.03620141	97731
2016	2137	2.180589994	98001
2017	2225	2.2729130062	97892
